file,line,type,commit,author,date,time,timezone,datetime,depth,length
style.css,1,css,37b192ec,Fong Clement Vo,2025-01-10,10:00:10,-08:00,2025-01-10T10:00:10-08:00,0,6
style.css,2,css,37b192ec,Fong Clement Vo,2025-01-10,10:00:10,-08:00,2025-01-10T10:00:10-08:00,0,32
style.css,3,css,6d2410c4,Fong Clement Vo,2025-01-19,08:49:26,-08:00,2025-01-19T08:49:26-08:00,0,24
style.css,4,css,37b192ec,Fong Clement Vo,2025-01-10,10:00:10,-08:00,2025-01-10T10:00:10-08:00,0,0
style.css,5,css,37b192ec,Fong Clement Vo,2025-01-10,10:00:10,-08:00,2025-01-10T10:00:10-08:00,0,0
style.css,6,css,32d6eeec,Fong Clement Vo,2025-01-07,15:27:20,-08:00,2025-01-07T15:27:20-08:00,0,5
style.css,7,css,191b8846,Fong Clement Vo,2025-01-10,09:22:11,-08:00,2025-01-10T09:22:11-08:00,0,24
style.css,8,css,191b8846,Fong Clement Vo,2025-01-10,09:22:11,-08:00,2025-01-10T09:22:11-08:00,0,16
style.css,9,css,191b8846,Fong Clement Vo,2025-01-10,09:22:11,-08:00,2025-01-10T09:22:11-08:00,0,19
style.css,10,css,96157edb,Fong Clement Vo,2025-01-10,09:38:25,-08:00,2025-01-10T09:38:25-08:00,0,13
style.css,11,css,96157edb,Fong Clement Vo,2025-01-10,09:38:25,-08:00,2025-01-10T09:38:25-08:00,0,0
style.css,12,css,96157edb,Fong Clement Vo,2025-01-10,09:38:25,-08:00,2025-01-10T09:38:25-08:00,0,0
style.css,13,css,96157edb,Fong Clement Vo,2025-01-10,09:38:25,-08:00,2025-01-10T09:38:25-08:00,0,4
style.css,14,css,4d479883,Fong Clement Vo,2025-01-10,09:49:29,-08:00,2025-01-10T09:49:29-08:00,0,13
style.css,15,css,37b192ec,Fong Clement Vo,2025-01-10,10:00:10,-08:00,2025-01-10T10:00:10-08:00,0,19
style.css,16,css,6d2410c4,Fong Clement Vo,2025-01-19,08:49:26,-08:00,2025-01-19T08:49:26-08:00,0,40
style.css,17,css,6d2410c4,Fong Clement Vo,2025-01-19,08:49:26,-08:00,2025-01-19T08:49:26-08:00,0,44
style.css,18,css,96157edb,Fong Clement Vo,2025-01-10,09:38:25,-08:00,2025-01-10T09:38:25-08:00,0,0
style.css,19,css,191b8846,Fong Clement Vo,2025-01-10,09:22:11,-08:00,2025-01-10T09:22:11-08:00,0,0
style.css,20,css,96157edb,Fong Clement Vo,2025-01-10,09:38:25,-08:00,2025-01-10T09:38:25-08:00,0,7
style.css,21,css,4d479883,Fong Clement Vo,2025-01-10,09:49:29,-08:00,2025-01-10T09:49:29-08:00,0,17
style.css,22,css,96157edb,Fong Clement Vo,2025-01-10,09:38:25,-08:00,2025-01-10T09:38:25-08:00,0,0
style.css,23,css,96157edb,Fong Clement Vo,2025-01-10,09:38:25,-08:00,2025-01-10T09:38:25-08:00,0,0
style.css,24,css,96157edb,Fong Clement Vo,2025-01-10,09:38:25,-08:00,2025-01-10T09:38:25-08:00,0,10
style.css,25,css,96157edb,Fong Clement Vo,2025-01-10,09:38:25,-08:00,2025-01-10T09:38:25-08:00,0,17
style.css,26,css,96157edb,Fong Clement Vo,2025-01-10,09:38:25,-08:00,2025-01-10T09:38:25-08:00,0,0
style.css,27,css,96157edb,Fong Clement Vo,2025-01-10,09:38:25,-08:00,2025-01-10T09:38:25-08:00,0,0
style.css,28,css,96157edb,Fong Clement Vo,2025-01-10,09:38:25,-08:00,2025-01-10T09:38:25-08:00,0,6
style.css,29,css,4d479883,Fong Clement Vo,2025-01-10,09:49:29,-08:00,2025-01-10T09:49:29-08:00,0,7
style.css,30,css,4d479883,Fong Clement Vo,2025-01-10,09:49:29,-08:00,2025-01-10T09:49:29-08:00,0,18
style.css,31,css,37b192ec,Fong Clement Vo,2025-01-10,10:00:10,-08:00,2025-01-10T10:00:10-08:00,0,14
style.css,32,css,37b192ec,Fong Clement Vo,2025-01-10,10:00:10,-08:00,2025-01-10T10:00:10-08:00,0,21
style.css,33,css,37b192ec,Fong Clement Vo,2025-01-10,10:00:10,-08:00,2025-01-10T10:00:10-08:00,0,14
style.css,34,css,4d479883,Fong Clement Vo,2025-01-10,09:49:29,-08:00,2025-01-10T09:49:29-08:00,0,29
style.css,35,css,6d2410c4,Fong Clement Vo,2025-01-19,08:49:26,-08:00,2025-01-19T08:49:26-08:00,0,33
style.css,36,css,96157edb,Fong Clement Vo,2025-01-10,09:38:25,-08:00,2025-01-10T09:38:25-08:00,0,0
style.css,37,css,96157edb,Fong Clement Vo,2025-01-10,09:38:25,-08:00,2025-01-10T09:38:25-08:00,0,0
style.css,38,css,96157edb,Fong Clement Vo,2025-01-10,09:38:25,-08:00,2025-01-10T09:38:25-08:00,0,12
style.css,39,css,6d2410c4,Fong Clement Vo,2025-01-19,08:49:26,-08:00,2025-01-19T08:49:26-08:00,0,70
style.css,40,css,6d2410c4,Fong Clement Vo,2025-01-19,08:49:26,-08:00,2025-01-19T08:49:26-08:00,0,46
style.css,41,css,96157edb,Fong Clement Vo,2025-01-10,09:38:25,-08:00,2025-01-10T09:38:25-08:00,0,0
style.css,42,css,160da601,Fong Clement Vo,2025-01-10,09:31:12,-08:00,2025-01-10T09:31:12-08:00,0,0
style.css,43,css,96157edb,Fong Clement Vo,2025-01-10,09:38:25,-08:00,2025-01-10T09:38:25-08:00,0,14
style.css,44,css,4d479883,Fong Clement Vo,2025-01-10,09:49:29,-08:00,2025-01-10T09:49:29-08:00,0,17
style.css,45,css,6d2410c4,Fong Clement Vo,2025-01-19,08:49:26,-08:00,2025-01-19T08:49:26-08:00,0,46
style.css,46,css,37b192ec,Fong Clement Vo,2025-01-10,10:00:10,-08:00,2025-01-10T10:00:10-08:00,0,35
style.css,47,css,14792732,Fong Clement Vo,2025-01-10,10:09:03,-08:00,2025-01-10T10:09:03-08:00,0,0
style.css,48,css,14792732,Fong Clement Vo,2025-01-10,10:09:03,-08:00,2025-01-10T10:09:03-08:00,0,0
style.css,49,css,da841ab5,Fong Clement Vo,2025-01-19,08:51:55,-08:00,2025-01-19T08:51:55-08:00,0,14
style.css,50,css,da841ab5,Fong Clement Vo,2025-01-19,08:51:55,-08:00,2025-01-19T08:51:55-08:00,0,18
style.css,51,css,da841ab5,Fong Clement Vo,2025-01-19,08:51:55,-08:00,2025-01-19T08:51:55-08:00,0,9
style.css,52,css,da841ab5,Fong Clement Vo,2025-01-19,08:51:55,-08:00,2025-01-19T08:51:55-08:00,0,11
style.css,53,css,da841ab5,Fong Clement Vo,2025-01-19,08:51:55,-08:00,2025-01-19T08:51:55-08:00,0,14
style.css,54,css,da841ab5,Fong Clement Vo,2025-01-19,08:51:55,-08:00,2025-01-19T08:51:55-08:00,0,20
style.css,55,css,da841ab5,Fong Clement Vo,2025-01-19,08:51:55,-08:00,2025-01-19T08:51:55-08:00,0,13
style.css,56,css,da841ab5,Fong Clement Vo,2025-01-19,08:51:55,-08:00,2025-01-19T08:51:55-08:00,0,19
style.css,57,css,da841ab5,Fong Clement Vo,2025-01-19,08:51:55,-08:00,2025-01-19T08:51:55-08:00,0,10
style.css,58,css,da841ab5,Fong Clement Vo,2025-01-19,08:51:55,-08:00,2025-01-19T08:51:55-08:00,0,0
style.css,59,css,da841ab5,Fong Clement Vo,2025-01-19,08:51:55,-08:00,2025-01-19T08:51:55-08:00,0,0
style.css,60,css,da841ab5,Fong Clement Vo,2025-01-19,08:51:55,-08:00,2025-01-19T08:51:55-08:00,0,21
style.css,61,css,da841ab5,Fong Clement Vo,2025-01-19,08:51:55,-08:00,2025-01-19T08:51:55-08:00,0,15
style.css,62,css,da841ab5,Fong Clement Vo,2025-01-19,08:51:55,-08:00,2025-01-19T08:51:55-08:00,0,43
style.css,63,css,da841ab5,Fong Clement Vo,2025-01-19,08:51:55,-08:00,2025-01-19T08:51:55-08:00,0,18
style.css,64,css,da841ab5,Fong Clement Vo,2025-01-19,08:51:55,-08:00,2025-01-19T08:51:55-08:00,0,24
style.css,65,css,da841ab5,Fong Clement Vo,2025-01-19,08:51:55,-08:00,2025-01-19T08:51:55-08:00,0,17
style.css,66,css,da841ab5,Fong Clement Vo,2025-01-19,08:51:55,-08:00,2025-01-19T08:51:55-08:00,0,0
style.css,67,css,da841ab5,Fong Clement Vo,2025-01-19,08:51:55,-08:00,2025-01-19T08:51:55-08:00,0,0
style.css,68,css,f398ac71,Fong Clement Vo,2025-01-10,10:12:05,-08:00,2025-01-10T10:12:05-08:00,0,5
style.css,69,css,6b67c7b1,Fong Clement Vo,2025-01-10,16:37:22,-08:00,2025-01-10T16:37:22-08:00,0,13
style.css,70,css,6b67c7b1,Fong Clement Vo,2025-01-10,16:37:22,-08:00,2025-01-10T16:37:22-08:00,0,31
style.css,71,css,6b67c7b1,Fong Clement Vo,2025-01-10,16:37:22,-08:00,2025-01-10T16:37:22-08:00,0,8
style.css,72,css,f398ac71,Fong Clement Vo,2025-01-10,10:12:05,-08:00,2025-01-10T10:12:05-08:00,0,0
style.css,73,css,f398ac71,Fong Clement Vo,2025-01-10,10:12:05,-08:00,2025-01-10T10:12:05-08:00,0,0
style.css,74,css,f398ac71,Fong Clement Vo,2025-01-10,10:12:05,-08:00,2025-01-10T10:12:05-08:00,0,6
style.css,75,css,6b67c7b1,Fong Clement Vo,2025-01-10,16:37:22,-08:00,2025-01-10T16:37:22-08:00,0,13
style.css,76,css,6b67c7b1,Fong Clement Vo,2025-01-10,16:37:22,-08:00,2025-01-10T16:37:22-08:00,0,30
style.css,77,css,6b67c7b1,Fong Clement Vo,2025-01-10,16:37:22,-08:00,2025-01-10T16:37:22-08:00,0,19
style.css,78,css,f398ac71,Fong Clement Vo,2025-01-10,10:12:05,-08:00,2025-01-10T10:12:05-08:00,0,0
style.css,79,css,f398ac71,Fong Clement Vo,2025-01-10,10:12:05,-08:00,2025-01-10T10:12:05-08:00,0,0
style.css,80,css,f398ac71,Fong Clement Vo,2025-01-10,10:12:05,-08:00,2025-01-10T10:12:05-08:00,0,16
style.css,81,css,f398ac71,Fong Clement Vo,2025-01-10,10:12:05,-08:00,2025-01-10T10:12:05-08:00,0,11
style.css,82,css,f398ac71,Fong Clement Vo,2025-01-10,10:12:05,-08:00,2025-01-10T10:12:05-08:00,0,22
style.css,83,css,f398ac71,Fong Clement Vo,2025-01-10,10:12:05,-08:00,2025-01-10T10:12:05-08:00,0,15
style.css,84,css,f398ac71,Fong Clement Vo,2025-01-10,10:12:05,-08:00,2025-01-10T10:12:05-08:00,0,22
style.css,85,css,f398ac71,Fong Clement Vo,2025-01-10,10:12:05,-08:00,2025-01-10T10:12:05-08:00,0,18
style.css,86,css,f398ac71,Fong Clement Vo,2025-01-10,10:12:05,-08:00,2025-01-10T10:12:05-08:00,0,0
style.css,87,css,f398ac71,Fong Clement Vo,2025-01-10,10:12:05,-08:00,2025-01-10T10:12:05-08:00,0,0
style.css,88,css,f398ac71,Fong Clement Vo,2025-01-10,10:12:05,-08:00,2025-01-10T10:12:05-08:00,0,7
style.css,89,css,f398ac71,Fong Clement Vo,2025-01-10,10:12:05,-08:00,2025-01-10T10:12:05-08:00,0,15
style.css,90,css,f398ac71,Fong Clement Vo,2025-01-10,10:12:05,-08:00,2025-01-10T10:12:05-08:00,0,37
style.css,91,css,f398ac71,Fong Clement Vo,2025-01-10,10:12:05,-08:00,2025-01-10T10:12:05-08:00,0,12
style.css,92,css,f398ac71,Fong Clement Vo,2025-01-10,10:12:05,-08:00,2025-01-10T10:12:05-08:00,0,12
style.css,93,css,f398ac71,Fong Clement Vo,2025-01-10,10:12:05,-08:00,2025-01-10T10:12:05-08:00,0,18
style.css,94,css,f398ac71,Fong Clement Vo,2025-01-10,10:12:05,-08:00,2025-01-10T10:12:05-08:00,0,15
style.css,95,css,6b67c7b1,Fong Clement Vo,2025-01-10,16:37:22,-08:00,2025-01-10T16:37:22-08:00,0,19
style.css,96,css,f398ac71,Fong Clement Vo,2025-01-10,10:12:05,-08:00,2025-01-10T10:12:05-08:00,0,0
style.css,97,css,f398ac71,Fong Clement Vo,2025-01-10,10:12:05,-08:00,2025-01-10T10:12:05-08:00,0,0
style.css,98,css,f398ac71,Fong Clement Vo,2025-01-10,10:12:05,-08:00,2025-01-10T10:12:05-08:00,0,13
style.css,99,css,6d2410c4,Fong Clement Vo,2025-01-19,08:49:26,-08:00,2025-01-19T08:49:26-08:00,0,70
style.css,100,css,9ac37ead,Fong Clement Vo,2025-01-10,16:47:12,-08:00,2025-01-10T16:47:12-08:00,0,0
style.css,101,css,9ac37ead,Fong Clement Vo,2025-01-10,16:47:12,-08:00,2025-01-10T16:47:12-08:00,0,0
style.css,102,css,9ac37ead,Fong Clement Vo,2025-01-10,16:47:12,-08:00,2025-01-10T16:47:12-08:00,0,10
style.css,103,css,9ac37ead,Fong Clement Vo,2025-01-10,16:47:12,-08:00,2025-01-10T16:47:12-08:00,0,13
style.css,104,css,9ac37ead,Fong Clement Vo,2025-01-10,16:47:12,-08:00,2025-01-10T16:47:12-08:00,0,59
style.css,105,css,9ac37ead,Fong Clement Vo,2025-01-10,16:47:12,-08:00,2025-01-10T16:47:12-08:00,0,8
style.css,106,css,68f8bed9,Fong Clement Vo,2025-01-10,16:50:48,-08:00,2025-01-10T16:50:48-08:00,0,0
style.css,107,css,68f8bed9,Fong Clement Vo,2025-01-10,16:50:48,-08:00,2025-01-10T16:50:48-08:00,0,0
style.css,108,css,68f8bed9,Fong Clement Vo,2025-01-10,16:50:48,-08:00,2025-01-10T16:50:48-08:00,0,8
style.css,109,css,68f8bed9,Fong Clement Vo,2025-01-10,16:50:48,-08:00,2025-01-10T16:50:48-08:00,0,13
style.css,110,css,68f8bed9,Fong Clement Vo,2025-01-10,16:50:48,-08:00,2025-01-10T16:50:48-08:00,0,27
style.css,111,css,68f8bed9,Fong Clement Vo,2025-01-10,16:50:48,-08:00,2025-01-10T16:50:48-08:00,0,16
style.css,112,css,68f8bed9,Fong Clement Vo,2025-01-10,16:50:48,-08:00,2025-01-10T16:50:48-08:00,0,0
style.css,113,css,68f8bed9,Fong Clement Vo,2025-01-10,16:50:48,-08:00,2025-01-10T16:50:48-08:00,0,0
style.css,114,css,7ea90e0e,Fong Clement Vo,2025-01-10,16:56:58,-08:00,2025-01-10T16:56:58-08:00,0,3
style.css,115,css,6d2410c4,Fong Clement Vo,2025-01-19,08:49:26,-08:00,2025-01-19T08:49:26-08:00,0,14
style.css,116,css,7ea90e0e,Fong Clement Vo,2025-01-10,16:56:58,-08:00,2025-01-10T16:56:58-08:00,0,16
style.css,117,css,7ea90e0e,Fong Clement Vo,2025-01-10,16:56:58,-08:00,2025-01-10T16:56:58-08:00,0,18
style.css,118,css,68f8bed9,Fong Clement Vo,2025-01-10,16:50:48,-08:00,2025-01-10T16:50:48-08:00,0,0
style.css,119,css,7ea90e0e,Fong Clement Vo,2025-01-10,16:56:58,-08:00,2025-01-10T16:56:58-08:00,0,0
style.css,120,css,7ea90e0e,Fong Clement Vo,2025-01-10,16:56:58,-08:00,2025-01-10T16:56:58-08:00,0,3
style.css,121,css,6d2410c4,Fong Clement Vo,2025-01-19,08:49:26,-08:00,2025-01-19T08:49:26-08:00,0,16
style.css,122,css,7ea90e0e,Fong Clement Vo,2025-01-10,16:56:58,-08:00,2025-01-10T16:56:58-08:00,0,16
style.css,123,css,7ea90e0e,Fong Clement Vo,2025-01-10,16:56:58,-08:00,2025-01-10T16:56:58-08:00,0,18
style.css,124,css,7ea90e0e,Fong Clement Vo,2025-01-10,16:56:58,-08:00,2025-01-10T16:56:58-08:00,0,0
style.css,125,css,7ea90e0e,Fong Clement Vo,2025-01-10,16:56:58,-08:00,2025-01-10T16:56:58-08:00,0,0
style.css,126,css,7ea90e0e,Fong Clement Vo,2025-01-10,16:56:58,-08:00,2025-01-10T16:56:58-08:00,0,15
style.css,127,css,7ea90e0e,Fong Clement Vo,2025-01-10,16:56:58,-08:00,2025-01-10T16:56:58-08:00,0,16
style.css,128,css,7ea90e0e,Fong Clement Vo,2025-01-10,16:56:58,-08:00,2025-01-10T16:56:58-08:00,0,18
style.css,129,css,6d2410c4,Fong Clement Vo,2025-01-19,08:49:26,-08:00,2025-01-19T08:49:26-08:00,0,0
style.css,130,css,eb4c2683,Fong Clement Vo,2025-01-27,16:09:40,-08:00,2025-01-27T16:09:40-08:00,0,0
style.css,131,css,eb4c2683,Fong Clement Vo,2025-01-27,16:09:40,-08:00,2025-01-27T16:09:40-08:00,0,15
style.css,132,css,7663c81b,Fong Clement Vo,2025-01-27,17:32:43,-08:00,2025-01-27T17:32:43-08:00,0,17
style.css,133,css,eb4c2683,Fong Clement Vo,2025-01-27,16:09:40,-08:00,2025-01-27T16:09:40-08:00,0,18
style.css,134,css,eb4c2683,Fong Clement Vo,2025-01-27,16:09:40,-08:00,2025-01-27T16:09:40-08:00,0,13
style.css,135,css,eb4c2683,Fong Clement Vo,2025-01-27,16:09:40,-08:00,2025-01-27T16:09:40-08:00,0,14
style.css,136,css,eb4c2683,Fong Clement Vo,2025-01-27,16:09:40,-08:00,2025-01-27T16:09:40-08:00,0,16
style.css,137,css,7663c81b,Fong Clement Vo,2025-01-27,17:32:43,-08:00,2025-01-27T17:32:43-08:00,0,41
style.css,138,css,7663c81b,Fong Clement Vo,2025-01-27,17:32:43,-08:00,2025-01-27T17:32:43-08:00,0,24
style.css,139,css,7663c81b,Fong Clement Vo,2025-01-27,17:32:43,-08:00,2025-01-27T17:32:43-08:00,0,33
style.css,140,css,7663c81b,Fong Clement Vo,2025-01-27,17:32:43,-08:00,2025-01-27T17:32:43-08:00,0,0
style.css,141,css,7663c81b,Fong Clement Vo,2025-01-27,17:32:43,-08:00,2025-01-27T17:32:43-08:00,0,0
style.css,142,css,7663c81b,Fong Clement Vo,2025-01-27,17:32:43,-08:00,2025-01-27T17:32:43-08:00,0,15
style.css,143,css,7663c81b,Fong Clement Vo,2025-01-27,17:32:43,-08:00,2025-01-27T17:32:43-08:00,0,37
style.css,144,css,7663c81b,Fong Clement Vo,2025-01-27,17:32:43,-08:00,2025-01-27T17:32:43-08:00,0,6
style.css,145,css,7663c81b,Fong Clement Vo,2025-01-27,17:32:43,-08:00,2025-01-27T17:32:43-08:00,0,27
style.css,146,css,7663c81b,Fong Clement Vo,2025-01-27,17:32:43,-08:00,2025-01-27T17:32:43-08:00,0,18
style.css,147,css,7663c81b,Fong Clement Vo,2025-01-27,17:32:43,-08:00,2025-01-27T17:32:43-08:00,0,20
style.css,148,css,7663c81b,Fong Clement Vo,2025-01-27,17:32:43,-08:00,2025-01-27T17:32:43-08:00,0,0
style.css,149,css,7663c81b,Fong Clement Vo,2025-01-27,17:32:43,-08:00,2025-01-27T17:32:43-08:00,0,0
style.css,150,css,7663c81b,Fong Clement Vo,2025-01-27,17:32:43,-08:00,2025-01-27T17:32:43-08:00,0,0
style.css,151,css,7663c81b,Fong Clement Vo,2025-01-27,17:32:43,-08:00,2025-01-27T17:32:43-08:00,0,14
style.css,152,css,7663c81b,Fong Clement Vo,2025-01-27,17:32:43,-08:00,2025-01-27T17:32:43-08:00,0,36
style.css,153,css,7663c81b,Fong Clement Vo,2025-01-27,17:32:43,-08:00,2025-01-27T17:32:43-08:00,0,6
style.css,154,css,7663c81b,Fong Clement Vo,2025-01-27,17:32:43,-08:00,2025-01-27T17:32:43-08:00,0,27
style.css,155,css,7663c81b,Fong Clement Vo,2025-01-27,17:32:43,-08:00,2025-01-27T17:32:43-08:00,0,18
style.css,156,css,7663c81b,Fong Clement Vo,2025-01-27,17:32:43,-08:00,2025-01-27T17:32:43-08:00,0,20
style.css,157,css,7663c81b,Fong Clement Vo,2025-01-27,17:32:43,-08:00,2025-01-27T17:32:43-08:00,0,0
style.css,158,css,eb4c2683,Fong Clement Vo,2025-01-27,16:09:40,-08:00,2025-01-27T16:09:40-08:00,0,0
style.css,159,css,eb4c2683,Fong Clement Vo,2025-01-27,16:09:40,-08:00,2025-01-27T16:09:40-08:00,0,0
style.css,160,css,eb4c2683,Fong Clement Vo,2025-01-27,16:09:40,-08:00,2025-01-27T16:09:40-08:00,0,18
style.css,161,css,eb4c2683,Fong Clement Vo,2025-01-27,16:09:40,-08:00,2025-01-27T16:09:40-08:00,0,13
style.css,162,css,5fd54bcc,Fong Clement Vo,2025-02-01,09:41:45,-08:00,2025-02-01T09:41:45-08:00,0,37
style.css,163,css,5fd54bcc,Fong Clement Vo,2025-02-01,09:41:45,-08:00,2025-02-01T09:41:45-08:00,0,8
style.css,164,css,eb4c2683,Fong Clement Vo,2025-01-27,16:09:40,-08:00,2025-01-27T16:09:40-08:00,0,9
style.css,165,css,eb4c2683,Fong Clement Vo,2025-01-27,16:09:40,-08:00,2025-01-27T16:09:40-08:00,0,10
style.css,166,css,eb4c2683,Fong Clement Vo,2025-01-27,16:09:40,-08:00,2025-01-27T16:09:40-08:00,0,0
style.css,167,css,eb4c2683,Fong Clement Vo,2025-01-27,16:09:40,-08:00,2025-01-27T16:09:40-08:00,0,0
style.css,168,css,eb4c2683,Fong Clement Vo,2025-01-27,16:09:40,-08:00,2025-01-27T16:09:40-08:00,0,18
style.css,169,css,eb4c2683,Fong Clement Vo,2025-01-27,16:09:40,-08:00,2025-01-27T16:09:40-08:00,0,17
style.css,170,css,eb4c2683,Fong Clement Vo,2025-01-27,16:09:40,-08:00,2025-01-27T16:09:40-08:00,0,18
style.css,171,css,5fd54bcc,Fong Clement Vo,2025-02-01,09:41:45,-08:00,2025-02-01T09:41:45-08:00,0,11
style.css,172,css,eb4c2683,Fong Clement Vo,2025-01-27,16:09:40,-08:00,2025-01-27T16:09:40-08:00,0,0
style.css,173,css,eb4c2683,Fong Clement Vo,2025-01-27,16:09:40,-08:00,2025-01-27T16:09:40-08:00,0,0
style.css,174,css,eb4c2683,Fong Clement Vo,2025-01-27,16:09:40,-08:00,2025-01-27T16:09:40-08:00,0,18
style.css,175,css,eb4c2683,Fong Clement Vo,2025-01-27,16:09:40,-08:00,2025-01-27T16:09:40-08:00,0,9
style.css,176,css,eb4c2683,Fong Clement Vo,2025-01-27,16:09:40,-08:00,2025-01-27T16:09:40-08:00,0,18
style.css,177,css,5fd54bcc,Fong Clement Vo,2025-02-01,09:41:45,-08:00,2025-02-01T09:41:45-08:00,0,11
style.css,178,css,eb4c2683,Fong Clement Vo,2025-01-27,16:09:40,-08:00,2025-01-27T16:09:40-08:00,0,0
style.css,179,css,26983b66,Fong Clement Vo,2025-02-01,09:35:00,-08:00,2025-02-01T09:35:00-08:00,0,0
style.css,180,css,26983b66,Fong Clement Vo,2025-02-01,09:35:00,-08:00,2025-02-01T09:35:00-08:00,0,17
style.css,181,css,26983b66,Fong Clement Vo,2025-02-01,09:35:00,-08:00,2025-02-01T09:35:00-08:00,0,13
style.css,182,css,26983b66,Fong Clement Vo,2025-02-01,09:35:00,-08:00,2025-02-01T09:35:00-08:00,0,22
style.css,183,css,26983b66,Fong Clement Vo,2025-02-01,09:35:00,-08:00,2025-02-01T09:35:00-08:00,0,23
style.css,184,css,5fd54bcc,Fong Clement Vo,2025-02-01,09:41:45,-08:00,2025-02-01T09:41:45-08:00,0,10
style.css,185,css,26983b66,Fong Clement Vo,2025-02-01,09:35:00,-08:00,2025-02-01T09:35:00-08:00,0,0
style.css,186,css,26983b66,Fong Clement Vo,2025-02-01,09:35:00,-08:00,2025-02-01T09:35:00-08:00,0,0
style.css,187,css,26983b66,Fong Clement Vo,2025-02-01,09:35:00,-08:00,2025-02-01T09:35:00-08:00,0,14
style.css,188,css,26983b66,Fong Clement Vo,2025-02-01,09:35:00,-08:00,2025-02-01T09:35:00-08:00,0,31
style.css,189,css,26983b66,Fong Clement Vo,2025-02-01,09:35:00,-08:00,2025-02-01T09:35:00-08:00,0,35
style.css,190,css,26983b66,Fong Clement Vo,2025-02-01,09:35:00,-08:00,2025-02-01T09:35:00-08:00,0,18
style.css,191,css,26983b66,Fong Clement Vo,2025-02-01,09:35:00,-08:00,2025-02-01T09:35:00-08:00,0,16
style.css,192,css,5fd54bcc,Fong Clement Vo,2025-02-01,09:41:45,-08:00,2025-02-01T09:41:45-08:00,0,17
style.css,193,css,5fd54bcc,Fong Clement Vo,2025-02-01,09:41:45,-08:00,2025-02-01T09:41:45-08:00,0,0
style.css,194,css,5fd54bcc,Fong Clement Vo,2025-02-01,09:41:45,-08:00,2025-02-01T09:41:45-08:00,0,0
style.css,195,css,5fd54bcc,Fong Clement Vo,2025-02-01,09:41:45,-08:00,2025-02-01T09:41:45-08:00,0,4
style.css,196,css,5fd54bcc,Fong Clement Vo,2025-02-01,09:41:45,-08:00,2025-02-01T09:41:45-08:00,0,15
style.css,197,css,5fd54bcc,Fong Clement Vo,2025-02-01,09:41:45,-08:00,2025-02-01T09:41:45-08:00,0,17
style.css,198,css,5fd54bcc,Fong Clement Vo,2025-02-01,09:41:45,-08:00,2025-02-01T09:41:45-08:00,0,0
style.css,199,css,5fd54bcc,Fong Clement Vo,2025-02-01,09:41:45,-08:00,2025-02-01T09:41:45-08:00,0,43
style.css,200,css,5fd54bcc,Fong Clement Vo,2025-02-01,09:41:45,-08:00,2025-02-01T09:41:45-08:00,0,17
style.css,201,css,26983b66,Fong Clement Vo,2025-02-01,09:35:00,-08:00,2025-02-01T09:35:00-08:00,0,0
style.css,202,css,e18be816,Fong Clement Vo,2025-02-01,14:29:42,-08:00,2025-02-01T14:29:42-08:00,0,0
style.css,203,css,e18be816,Fong Clement Vo,2025-02-01,14:29:42,-08:00,2025-02-01T14:29:42-08:00,0,8
style.css,204,css,e18be816,Fong Clement Vo,2025-02-01,14:29:42,-08:00,2025-02-01T14:29:42-08:00,0,16
style.css,205,css,e18be816,Fong Clement Vo,2025-02-01,14:29:42,-08:00,2025-02-01T14:29:42-08:00,0,10
style.css,206,css,e18be816,Fong Clement Vo,2025-02-01,14:29:42,-08:00,2025-02-01T14:29:42-08:00,0,16
style.css,207,css,e18be816,Fong Clement Vo,2025-02-01,14:29:42,-08:00,2025-02-01T14:29:42-08:00,0,0
style.css,208,css,e18be816,Fong Clement Vo,2025-02-01,14:29:42,-08:00,2025-02-01T14:29:42-08:00,0,0
style.css,209,css,e18be816,Fong Clement Vo,2025-02-01,14:29:42,-08:00,2025-02-01T14:29:42-08:00,0,11
style.css,210,css,e18be816,Fong Clement Vo,2025-02-01,14:29:42,-08:00,2025-02-01T14:29:42-08:00,0,13
style.css,211,css,e18be816,Fong Clement Vo,2025-02-01,14:29:42,-08:00,2025-02-01T14:29:42-08:00,0,19
style.css,212,css,e18be816,Fong Clement Vo,2025-02-01,14:29:42,-08:00,2025-02-01T14:29:42-08:00,0,18
style.css,213,css,e18be816,Fong Clement Vo,2025-02-01,14:29:42,-08:00,2025-02-01T14:29:42-08:00,0,0
style.css,214,css,e18be816,Fong Clement Vo,2025-02-01,14:29:42,-08:00,2025-02-01T14:29:42-08:00,0,0
style.css,215,css,e18be816,Fong Clement Vo,2025-02-01,14:29:42,-08:00,2025-02-01T14:29:42-08:00,0,16
style.css,216,css,e18be816,Fong Clement Vo,2025-02-01,14:29:42,-08:00,2025-02-01T14:29:42-08:00,0,11
style.css,217,css,e18be816,Fong Clement Vo,2025-02-01,14:29:42,-08:00,2025-02-01T14:29:42-08:00,0,12
style.css,218,css,e18be816,Fong Clement Vo,2025-02-01,14:29:42,-08:00,2025-02-01T14:29:42-08:00,0,21
style.css,219,css,e18be816,Fong Clement Vo,2025-02-01,14:29:42,-08:00,2025-02-01T14:29:42-08:00,0,30
style.css,220,css,e18be816,Fong Clement Vo,2025-02-01,14:29:42,-08:00,2025-02-01T14:29:42-08:00,0,17
style.css,221,css,e18be816,Fong Clement Vo,2025-02-01,14:29:42,-08:00,2025-02-01T14:29:42-08:00,0,18
style.css,222,css,e18be816,Fong Clement Vo,2025-02-01,14:29:42,-08:00,2025-02-01T14:29:42-08:00,0,0
style.css,223,css,ec048906,Fong Clement Vo,2025-02-01,15:06:25,-08:00,2025-02-01T15:06:25-08:00,0,0
style.css,224,css,ec048906,Fong Clement Vo,2025-02-01,15:06:25,-08:00,2025-02-01T15:06:25-08:00,0,5
style.css,225,css,ec048906,Fong Clement Vo,2025-02-01,15:06:25,-08:00,2025-02-01T15:06:25-08:00,0,25
style.css,226,css,ec048906,Fong Clement Vo,2025-02-01,15:06:25,-08:00,2025-02-01T15:06:25-08:00,0,0
style.css,227,css,ec048906,Fong Clement Vo,2025-02-01,15:06:25,-08:00,2025-02-01T15:06:25-08:00,0,0
style.css,228,css,ec048906,Fong Clement Vo,2025-02-01,15:06:25,-08:00,2025-02-01T15:06:25-08:00,0,20
style.css,229,css,ec048906,Fong Clement Vo,2025-02-01,15:06:25,-08:00,2025-02-01T15:06:25-08:00,0,17
style.css,230,css,ec048906,Fong Clement Vo,2025-02-01,15:06:25,-08:00,2025-02-01T15:06:25-08:00,0,12
style.css,231,css,ec048906,Fong Clement Vo,2025-02-01,15:06:25,-08:00,2025-02-01T15:06:25-08:00,0,0
style.css,232,css,ec048906,Fong Clement Vo,2025-02-01,15:06:25,-08:00,2025-02-01T15:06:25-08:00,0,0
style.css,233,css,015a4a03,Fong Clement Vo,2025-02-01,15:19:01,-08:00,2025-02-01T15:19:01-08:00,0,0
style.css,234,css,015a4a03,Fong Clement Vo,2025-02-01,15:19:01,-08:00,2025-02-01T15:19:01-08:00,0,10
style.css,235,css,015a4a03,Fong Clement Vo,2025-02-01,15:19:01,-08:00,2025-02-01T15:19:01-08:00,0,36
style.css,236,css,015a4a03,Fong Clement Vo,2025-02-01,15:19:01,-08:00,2025-02-01T15:19:01-08:00,0,0
style.css,237,css,015a4a03,Fong Clement Vo,2025-02-01,15:19:01,-08:00,2025-02-01T15:19:01-08:00,0,0
style.css,238,css,015a4a03,Fong Clement Vo,2025-02-01,15:19:01,-08:00,2025-02-01T15:19:01-08:00,0,19
style.css,239,css,015a4a03,Fong Clement Vo,2025-02-01,15:19:01,-08:00,2025-02-01T15:19:01-08:00,0,18
style.css,240,css,015a4a03,Fong Clement Vo,2025-02-01,15:19:01,-08:00,2025-02-01T15:19:01-08:00,0,0
style.css,241,css,015a4a03,Fong Clement Vo,2025-02-01,15:19:01,-08:00,2025-02-01T15:19:01-08:00,0,0
style.css,242,css,015a4a03,Fong Clement Vo,2025-02-01,15:19:01,-08:00,2025-02-01T15:19:01-08:00,0,17
style.css,243,css,015a4a03,Fong Clement Vo,2025-02-01,15:19:01,-08:00,2025-02-01T15:19:01-08:00,0,17
style.css,244,css,015a4a03,Fong Clement Vo,2025-02-01,15:19:01,-08:00,2025-02-01T15:19:01-08:00,0,19
style.css,245,css,015a4a03,Fong Clement Vo,2025-02-01,15:19:01,-08:00,2025-02-01T15:19:01-08:00,0,0
index.html,1,html,7cae60f4,Fong Clement Vo,2025-01-04,08:29:43,-08:00,2025-01-04T08:29:43-08:00,0,14
index.html,2,html,7cae60f4,Fong Clement Vo,2025-01-04,08:29:43,-08:00,2025-01-04T08:29:43-08:00,0,15
index.html,3,html,7cae60f4,Fong Clement Vo,2025-01-04,08:29:43,-08:00,2025-01-04T08:29:43-08:00,0,5
index.html,4,html,7cae60f4,Fong Clement Vo,2025-01-04,08:29:43,-08:00,2025-01-04T08:29:43-08:00,0,21
index.html,5,html,7cae60f4,Fong Clement Vo,2025-01-04,08:29:43,-08:00,2025-01-04T08:29:43-08:00,0,69
index.html,6,html,7cae60f4,Fong Clement Vo,2025-01-04,08:29:43,-08:00,2025-01-04T08:29:43-08:00,0,50
index.html,7,html,639183b7,Fong Clement Vo,2025-01-27,16:31:19,-08:00,2025-01-27T16:31:19-08:00,0,7
index.html,8,html,639183b7,Fong Clement Vo,2025-01-27,16:31:19,-08:00,2025-01-27T16:31:19-08:00,0,55
index.html,9,html,639183b7,Fong Clement Vo,2025-01-27,16:31:19,-08:00,2025-01-27T16:31:19-08:00,0,39
index.html,10,html,639183b7,Fong Clement Vo,2025-01-27,16:31:19,-08:00,2025-01-27T16:31:19-08:00,0,5
index.html,11,html,639183b7,Fong Clement Vo,2025-01-27,16:31:19,-08:00,2025-01-27T16:31:19-08:00,0,8
index.html,12,html,32d6eeec,Fong Clement Vo,2025-01-07,15:27:20,-08:00,2025-01-07T15:27:20-08:00,0,39
index.html,13,html,7cae60f4,Fong Clement Vo,2025-01-04,08:29:43,-08:00,2025-01-04T08:29:43-08:00,0,6
index.html,14,html,7cae60f4,Fong Clement Vo,2025-01-04,08:29:43,-08:00,2025-01-04T08:29:43-08:00,0,5
index.html,15,html,7cae60f4,Fong Clement Vo,2025-01-04,08:29:43,-08:00,2025-01-04T08:29:43-08:00,0,15
index.html,16,html,7d217fa8,Fong Clement Vo,2025-02-04,11:38:18,-08:00,2025-02-04T11:38:18-08:00,0,85
index.html,17,html,97c080db,Fong Clement Vo,2025-01-07,15:40:53,-08:00,2025-01-07T15:40:53-08:00,0,100
index.html,18,html,6c42a965,Fong Clement Vo,2025-01-25,08:37:59,-08:00,2025-01-25T08:37:59-08:00,0,23
index.html,19,html,6c42a965,Fong Clement Vo,2025-01-25,08:37:59,-08:00,2025-01-25T08:37:59-08:00,0,27
index.html,20,html,eb4c2683,Fong Clement Vo,2025-01-27,16:09:40,-08:00,2025-01-27T16:09:40-08:00,0,21
index.html,21,html,b3afabfa,Fong Clement Vo,2025-01-27,17:27:11,-08:00,2025-01-27T17:27:11-08:00,0,46
index.html,22,html,8383e34d,Fong Clement Vo,2025-01-17,15:27:57,-08:00,2025-01-17T15:27:57-08:00,0,46
index.html,23,html,6c42a965,Fong Clement Vo,2025-01-25,08:37:59,-08:00,2025-01-25T08:37:59-08:00,0,60
index.html,24,html,7cae60f4,Fong Clement Vo,2025-01-04,08:29:43,-08:00,2025-01-04T08:29:43-08:00,0,6
index.html,25,html,7cae60f4,Fong Clement Vo,2025-01-04,08:29:43,-08:00,2025-01-04T08:29:43-08:00,0,6
global.js,1,js,e7c4cf4c,Fong Clement Vo,2025-01-17,14:25:40,-08:00,2025-01-17T14:25:40-08:00,0,26
global.js,2,js,e7c4cf4c,Fong Clement Vo,2025-01-17,14:25:40,-08:00,2025-01-17T14:25:40-08:00,0,0
global.js,3,js,e7c4cf4c,Fong Clement Vo,2025-01-17,14:25:40,-08:00,2025-01-17T14:25:40-08:00,0,42
global.js,4,js,e7c4cf4c,Fong Clement Vo,2025-01-17,14:25:40,-08:00,2025-01-17T14:25:40-08:00,0,53
global.js,5,js,24dd2156,Fong Clement Vo,2025-01-18,19:19:19,-08:00,2025-01-18T19:19:19-08:00,0,0
global.js,6,js,24dd2156,Fong Clement Vo,2025-01-18,19:19:19,-08:00,2025-01-18T19:19:19-08:00,0,0
global.js,7,js,1cfda7ee,Fong Clement Vo,2025-01-19,00:29:45,-08:00,2025-01-19T00:29:45-08:00,0,23
global.js,8,js,1cfda7ee,Fong Clement Vo,2025-01-19,00:29:45,-08:00,2025-01-19T00:29:45-08:00,0,61
global.js,9,js,1cfda7ee,Fong Clement Vo,2025-01-19,00:29:45,-08:00,2025-01-19T00:29:45-08:00,0,19
global.js,10,js,639183b7,Fong Clement Vo,2025-01-27,16:31:19,-08:00,2025-01-27T16:31:19-08:00,0,74
global.js,11,js,639183b7,Fong Clement Vo,2025-01-27,16:31:19,-08:00,2025-01-27T16:31:19-08:00,0,22
global.js,12,js,1cfda7ee,Fong Clement Vo,2025-01-19,00:29:45,-08:00,2025-01-19T00:29:45-08:00,0,0
global.js,13,js,639183b7,Fong Clement Vo,2025-01-27,16:31:19,-08:00,2025-01-27T16:31:19-08:00,0,35
global.js,14,js,b4a5ccc2,Fong Clement Vo,2025-01-19,00:09:03,-08:00,2025-01-19T00:09:03-08:00,0,0
global.js,15,js,b4a5ccc2,Fong Clement Vo,2025-01-19,00:09:03,-08:00,2025-01-19T00:09:03-08:00,0,0
global.js,16,js,13761051,Fong Clement Vo,2025-01-18,19:28:33,-08:00,2025-01-18T19:28:33-08:00,0,12
global.js,17,js,13761051,Fong Clement Vo,2025-01-18,19:28:33,-08:00,2025-01-18T19:28:33-08:00,0,26
global.js,18,js,13761051,Fong Clement Vo,2025-01-18,19:28:33,-08:00,2025-01-18T19:28:33-08:00,0,39
global.js,19,js,f93378f4,Fong Clement Vo,2025-01-18,19:35:31,-08:00,2025-01-18T19:35:31-08:00,0,35
global.js,20,js,13761051,Fong Clement Vo,2025-01-18,19:28:33,-08:00,2025-01-18T19:28:33-08:00,0,37
global.js,21,js,8ca52137,Fong Clement Vo,2025-02-08,20:46:27,-08:00,2025-02-08T20:46:27-08:00,0,31
global.js,22,js,2116f29e,Fong Clement Vo,2025-01-18,23:57:31,-08:00,2025-01-18T23:57:31-08:00,0,57
global.js,23,js,13761051,Fong Clement Vo,2025-01-18,19:28:33,-08:00,2025-01-18T19:28:33-08:00,0,1
global.js,24,js,13761051,Fong Clement Vo,2025-01-18,19:28:33,-08:00,2025-01-18T19:28:33-08:00,0,0
global.js,25,js,13761051,Fong Clement Vo,2025-01-18,19:28:33,-08:00,2025-01-18T19:28:33-08:00,0,39
global.js,26,js,13761051,Fong Clement Vo,2025-01-18,19:28:33,-08:00,2025-01-18T19:28:33-08:00,0,26
global.js,27,js,13761051,Fong Clement Vo,2025-01-18,19:28:33,-08:00,2025-01-18T19:28:33-08:00,0,0
global.js,28,js,13761051,Fong Clement Vo,2025-01-18,19:28:33,-08:00,2025-01-18T19:28:33-08:00,0,71
global.js,29,js,78d1a29e,Fong Clement Vo,2025-01-19,00:49:44,-08:00,2025-01-19T00:49:44-08:00,0,30
global.js,30,js,13761051,Fong Clement Vo,2025-01-18,19:28:33,-08:00,2025-01-18T19:28:33-08:00,0,0
global.js,31,js,13761051,Fong Clement Vo,2025-01-18,19:28:33,-08:00,2025-01-18T19:28:33-08:00,0,21
global.js,32,js,13761051,Fong Clement Vo,2025-01-18,19:28:33,-08:00,2025-01-18T19:28:33-08:00,0,15
global.js,33,js,13761051,Fong Clement Vo,2025-01-18,19:28:33,-08:00,2025-01-18T19:28:33-08:00,0,19
global.js,34,js,13761051,Fong Clement Vo,2025-01-18,19:28:33,-08:00,2025-01-18T19:28:33-08:00,0,0
global.js,35,js,b4a5ccc2,Fong Clement Vo,2025-01-19,00:09:03,-08:00,2025-01-19T00:09:03-08:00,0,29
global.js,36,js,b4a5ccc2,Fong Clement Vo,2025-01-19,00:09:03,-08:00,2025-01-19T00:09:03-08:00,0,17
global.js,37,js,78d1a29e,Fong Clement Vo,2025-01-19,00:49:44,-08:00,2025-01-19T00:49:44-08:00,0,20
global.js,38,js,b4a5ccc2,Fong Clement Vo,2025-01-19,00:09:03,-08:00,2025-01-19T00:09:03-08:00,0,7
global.js,39,js,78d1a29e,Fong Clement Vo,2025-01-19,00:49:44,-08:00,2025-01-19T00:49:44-08:00,0,20
global.js,40,js,b4a5ccc2,Fong Clement Vo,2025-01-19,00:09:03,-08:00,2025-01-19T00:09:03-08:00,0,0
global.js,41,js,1cfda7ee,Fong Clement Vo,2025-01-19,00:29:45,-08:00,2025-01-19T00:29:45-08:00,0,0
global.js,42,js,13761051,Fong Clement Vo,2025-01-18,19:28:33,-08:00,2025-01-18T19:28:33-08:00,0,0
global.js,43,js,13761051,Fong Clement Vo,2025-01-18,19:28:33,-08:00,2025-01-18T19:28:33-08:00,0,35
global.js,44,js,13761051,Fong Clement Vo,2025-01-18,19:28:33,-08:00,2025-01-18T19:28:33-08:00,0,12
global.js,45,js,13761051,Fong Clement Vo,2025-01-18,19:28:33,-08:00,2025-01-18T19:28:33-08:00,0,21
global.js,46,js,2159e6ce,Fong Clement Vo,2025-01-18,19:45:37,-08:00,2025-01-18T19:45:37-08:00,0,13
global.js,47,js,13761051,Fong Clement Vo,2025-01-18,19:28:33,-08:00,2025-01-18T19:28:33-08:00,0,0
global.js,48,js,13761051,Fong Clement Vo,2025-01-18,19:28:33,-08:00,2025-01-18T19:28:33-08:00,0,18
global.js,49,js,13761051,Fong Clement Vo,2025-01-18,19:28:33,-08:00,2025-01-18T19:28:33-08:00,0,9
global.js,50,js,78d1a29e,Fong Clement Vo,2025-01-19,00:49:44,-08:00,2025-01-19T00:49:44-08:00,0,26
global.js,51,js,78d1a29e,Fong Clement Vo,2025-01-19,00:49:44,-08:00,2025-01-19T00:49:44-08:00,0,31
global.js,52,js,13761051,Fong Clement Vo,2025-01-18,19:28:33,-08:00,2025-01-18T19:28:33-08:00,0,1
global.js,53,js,24dd2156,Fong Clement Vo,2025-01-18,19:19:19,-08:00,2025-01-18T19:19:19-08:00,0,0
global.js,54,js,f93378f4,Fong Clement Vo,2025-01-18,19:35:31,-08:00,2025-01-18T19:35:31-08:00,0,30
global.js,55,js,3aa99b63,Fong Clement Vo,2025-01-18,23:42:15,-08:00,2025-01-18T23:42:15-08:00,0,19
global.js,56,js,f93378f4,Fong Clement Vo,2025-01-18,19:35:31,-08:00,2025-01-18T19:35:31-08:00,0,0
global.js,57,js,6d2410c4,Fong Clement Vo,2025-01-19,08:49:26,-08:00,2025-01-19T08:49:26-08:00,0,0
global.js,58,js,6d2410c4,Fong Clement Vo,2025-01-19,08:49:26,-08:00,2025-01-19T08:49:26-08:00,0,0
global.js,59,js,6d2410c4,Fong Clement Vo,2025-01-19,08:49:26,-08:00,2025-01-19T08:49:26-08:00,0,32
global.js,60,js,6d2410c4,Fong Clement Vo,2025-01-19,08:49:26,-08:00,2025-01-19T08:49:26-08:00,0,12
global.js,61,js,6d2410c4,Fong Clement Vo,2025-01-19,08:49:26,-08:00,2025-01-19T08:49:26-08:00,0,0
global.js,62,js,6d2410c4,Fong Clement Vo,2025-01-19,08:49:26,-08:00,2025-01-19T08:49:26-08:00,0,27
global.js,63,js,6d2410c4,Fong Clement Vo,2025-01-19,08:49:26,-08:00,2025-01-19T08:49:26-08:00,0,5
global.js,64,js,6d2410c4,Fong Clement Vo,2025-01-19,08:49:26,-08:00,2025-01-19T08:49:26-08:00,0,27
global.js,65,js,6d2410c4,Fong Clement Vo,2025-01-19,08:49:26,-08:00,2025-01-19T08:49:26-08:00,0,53
global.js,66,js,6d2410c4,Fong Clement Vo,2025-01-19,08:49:26,-08:00,2025-01-19T08:49:26-08:00,0,35
global.js,67,js,6d2410c4,Fong Clement Vo,2025-01-19,08:49:26,-08:00,2025-01-19T08:49:26-08:00,0,33
global.js,68,js,6d2410c4,Fong Clement Vo,2025-01-19,08:49:26,-08:00,2025-01-19T08:49:26-08:00,0,8
global.js,69,js,6d2410c4,Fong Clement Vo,2025-01-19,08:49:26,-08:00,2025-01-19T08:49:26-08:00,0,7
global.js,70,js,6d2410c4,Fong Clement Vo,2025-01-19,08:49:26,-08:00,2025-01-19T08:49:26-08:00,0,0
global.js,71,js,6d2410c4,Fong Clement Vo,2025-01-19,08:49:26,-08:00,2025-01-19T08:49:26-08:00,0,1
global.js,72,js,6d2410c4,Fong Clement Vo,2025-01-19,08:49:26,-08:00,2025-01-19T08:49:26-08:00,0,0
global.js,73,js,6d2410c4,Fong Clement Vo,2025-01-19,08:49:26,-08:00,2025-01-19T08:49:26-08:00,0,63
global.js,74,js,a7a7ca0c,Fong Clement Vo,2025-01-19,08:57:41,-08:00,2025-01-19T08:57:41-08:00,0,0
global.js,75,js,a7a7ca0c,Fong Clement Vo,2025-01-19,08:57:41,-08:00,2025-01-19T08:57:41-08:00,0,37
global.js,76,js,a7a7ca0c,Fong Clement Vo,2025-01-19,08:57:41,-08:00,2025-01-19T08:57:41-08:00,0,71
global.js,77,js,a7a7ca0c,Fong Clement Vo,2025-01-19,08:57:41,-08:00,2025-01-19T08:57:41-08:00,0,0
global.js,78,js,a7a7ca0c,Fong Clement Vo,2025-01-19,08:57:41,-08:00,2025-01-19T08:57:41-08:00,0,34
global.js,79,js,6d2410c4,Fong Clement Vo,2025-01-19,08:49:26,-08:00,2025-01-19T08:49:26-08:00,0,54
global.js,80,js,6d2410c4,Fong Clement Vo,2025-01-19,08:49:26,-08:00,2025-01-19T08:49:26-08:00,0,7
global.js,81,js,a7a7ca0c,Fong Clement Vo,2025-01-19,08:57:41,-08:00,2025-01-19T08:57:41-08:00,0,64
global.js,82,js,6d2410c4,Fong Clement Vo,2025-01-19,08:49:26,-08:00,2025-01-19T08:49:26-08:00,0,0
global.js,83,js,a7a7ca0c,Fong Clement Vo,2025-01-19,08:57:41,-08:00,2025-01-19T08:57:41-08:00,0,0
global.js,84,js,a7a7ca0c,Fong Clement Vo,2025-01-19,08:57:41,-08:00,2025-01-19T08:57:41-08:00,0,33
global.js,85,js,a7a7ca0c,Fong Clement Vo,2025-01-19,08:57:41,-08:00,2025-01-19T08:57:41-08:00,0,0
global.js,86,js,a7a7ca0c,Fong Clement Vo,2025-01-19,08:57:41,-08:00,2025-01-19T08:57:41-08:00,0,0
global.js,87,js,a7a7ca0c,Fong Clement Vo,2025-01-19,08:57:41,-08:00,2025-01-19T08:57:41-08:00,0,52
global.js,88,js,a7a7ca0c,Fong Clement Vo,2025-01-19,08:57:41,-08:00,2025-01-19T08:57:41-08:00,0,40
global.js,89,js,a7a7ca0c,Fong Clement Vo,2025-01-19,08:57:41,-08:00,2025-01-19T08:57:41-08:00,0,0
global.js,90,js,a7a7ca0c,Fong Clement Vo,2025-01-19,08:57:41,-08:00,2025-01-19T08:57:41-08:00,0,40
global.js,91,js,a7a7ca0c,Fong Clement Vo,2025-01-19,08:57:41,-08:00,2025-01-19T08:57:41-08:00,0,0
global.js,92,js,a7a7ca0c,Fong Clement Vo,2025-01-19,08:57:41,-08:00,2025-01-19T08:57:41-08:00,0,29
global.js,93,js,a7a7ca0c,Fong Clement Vo,2025-01-19,08:57:41,-08:00,2025-01-19T08:57:41-08:00,0,2
global.js,94,js,a7a7ca0c,Fong Clement Vo,2025-01-19,08:57:41,-08:00,2025-01-19T08:57:41-08:00,0,0
global.js,95,js,a7a7ca0c,Fong Clement Vo,2025-01-19,08:57:41,-08:00,2025-01-19T08:57:41-08:00,0,35
global.js,96,js,a7a7ca0c,Fong Clement Vo,2025-01-19,08:57:41,-08:00,2025-01-19T08:57:41-08:00,0,40
global.js,97,js,a7a7ca0c,Fong Clement Vo,2025-01-19,08:57:41,-08:00,2025-01-19T08:57:41-08:00,0,7
global.js,98,js,a7a7ca0c,Fong Clement Vo,2025-01-19,08:57:41,-08:00,2025-01-19T08:57:41-08:00,0,28
global.js,99,js,6f790c9c,Fong Clement Vo,2025-01-19,09:03:54,-08:00,2025-01-19T09:03:54-08:00,0,0
global.js,100,js,6f790c9c,Fong Clement Vo,2025-01-19,09:03:54,-08:00,2025-01-19T09:03:54-08:00,0,0
global.js,101,js,6f790c9c,Fong Clement Vo,2025-01-19,09:03:54,-08:00,2025-01-19T09:03:54-08:00,0,43
global.js,102,js,6f790c9c,Fong Clement Vo,2025-01-19,09:03:54,-08:00,2025-01-19T09:03:54-08:00,0,0
global.js,103,js,6f790c9c,Fong Clement Vo,2025-01-19,09:03:54,-08:00,2025-01-19T09:03:54-08:00,0,44
global.js,104,js,6f790c9c,Fong Clement Vo,2025-01-19,09:03:54,-08:00,2025-01-19T09:03:54-08:00,0,22
global.js,105,js,6f790c9c,Fong Clement Vo,2025-01-19,09:03:54,-08:00,2025-01-19T09:03:54-08:00,0,0
global.js,106,js,6f790c9c,Fong Clement Vo,2025-01-19,09:03:54,-08:00,2025-01-19T09:03:54-08:00,0,31
global.js,107,js,6f790c9c,Fong Clement Vo,2025-01-19,09:03:54,-08:00,2025-01-19T09:03:54-08:00,0,0
global.js,108,js,6f790c9c,Fong Clement Vo,2025-01-19,09:03:54,-08:00,2025-01-19T09:03:54-08:00,0,27
global.js,109,js,6f790c9c,Fong Clement Vo,2025-01-19,09:03:54,-08:00,2025-01-19T09:03:54-08:00,0,0
global.js,110,js,6f790c9c,Fong Clement Vo,2025-01-19,09:03:54,-08:00,2025-01-19T09:03:54-08:00,0,32
global.js,111,js,6f790c9c,Fong Clement Vo,2025-01-19,09:03:54,-08:00,2025-01-19T09:03:54-08:00,0,66
global.js,112,js,6f790c9c,Fong Clement Vo,2025-01-19,09:03:54,-08:00,2025-01-19T09:03:54-08:00,0,0
global.js,113,js,6f790c9c,Fong Clement Vo,2025-01-19,09:03:54,-08:00,2025-01-19T09:03:54-08:00,0,0
global.js,114,js,6f790c9c,Fong Clement Vo,2025-01-19,09:03:54,-08:00,2025-01-19T09:03:54-08:00,0,19
global.js,115,js,b575c515,Fong Clement Vo,2025-01-25,07:48:28,-08:00,2025-01-25T07:48:28-08:00,0,2
global.js,116,js,b575c515,Fong Clement Vo,2025-01-25,07:48:28,-08:00,2025-01-25T07:48:28-08:00,0,0
global.js,117,js,b575c515,Fong Clement Vo,2025-01-25,07:48:28,-08:00,2025-01-25T07:48:28-08:00,0,37
global.js,118,js,b575c515,Fong Clement Vo,2025-01-25,07:48:28,-08:00,2025-01-25T07:48:28-08:00,0,4
global.js,119,js,b575c515,Fong Clement Vo,2025-01-25,07:48:28,-08:00,2025-01-25T07:48:28-08:00,0,33
global.js,120,js,b575c515,Fong Clement Vo,2025-01-25,07:48:28,-08:00,2025-01-25T07:48:28-08:00,0,0
global.js,121,js,b575c515,Fong Clement Vo,2025-01-25,07:48:28,-08:00,2025-01-25T07:48:28-08:00,0,18
global.js,122,js,b575c515,Fong Clement Vo,2025-01-25,07:48:28,-08:00,2025-01-25T07:48:28-08:00,0,67
global.js,123,js,b575c515,Fong Clement Vo,2025-01-25,07:48:28,-08:00,2025-01-25T07:48:28-08:00,0,0
global.js,124,js,b575c515,Fong Clement Vo,2025-01-25,07:48:28,-08:00,2025-01-25T07:48:28-08:00,0,0
global.js,125,js,b575c515,Fong Clement Vo,2025-01-25,07:48:28,-08:00,2025-01-25T07:48:28-08:00,0,34
global.js,126,js,b575c515,Fong Clement Vo,2025-01-25,07:48:28,-08:00,2025-01-25T07:48:28-08:00,0,34
global.js,127,js,b575c515,Fong Clement Vo,2025-01-25,07:48:28,-08:00,2025-01-25T07:48:28-08:00,0,11
global.js,128,js,b575c515,Fong Clement Vo,2025-01-25,07:48:28,-08:00,2025-01-25T07:48:28-08:00,0,16
global.js,129,js,b3afabfa,Fong Clement Vo,2025-01-27,17:27:11,-08:00,2025-01-27T17:27:11-08:00,0,27
global.js,130,js,553357ff,Fong Clement Vo,2025-01-27,17:29:44,-08:00,2025-01-27T17:29:44-08:00,0,31
global.js,131,js,b3afabfa,Fong Clement Vo,2025-01-27,17:27:11,-08:00,2025-01-27T17:27:11-08:00,0,37
global.js,132,js,b3afabfa,Fong Clement Vo,2025-01-27,17:27:11,-08:00,2025-01-27T17:27:11-08:00,0,34
global.js,133,js,b3afabfa,Fong Clement Vo,2025-01-27,17:27:11,-08:00,2025-01-27T17:27:11-08:00,0,34
global.js,134,js,b3afabfa,Fong Clement Vo,2025-01-27,17:27:11,-08:00,2025-01-27T17:27:11-08:00,0,11
global.js,135,js,b3afabfa,Fong Clement Vo,2025-01-27,17:27:11,-08:00,2025-01-27T17:27:11-08:00,0,0
global.js,136,js,b575c515,Fong Clement Vo,2025-01-25,07:48:28,-08:00,2025-01-25T07:48:28-08:00,0,60
global.js,137,js,b575c515,Fong Clement Vo,2025-01-25,07:48:28,-08:00,2025-01-25T07:48:28-08:00,0,0
global.js,138,js,b575c515,Fong Clement Vo,2025-01-25,07:48:28,-08:00,2025-01-25T07:48:28-08:00,0,0
global.js,139,js,b575c515,Fong Clement Vo,2025-01-25,07:48:28,-08:00,2025-01-25T07:48:28-08:00,0,0
global.js,140,js,b575c515,Fong Clement Vo,2025-01-25,07:48:28,-08:00,2025-01-25T07:48:28-08:00,0,61
global.js,141,js,b575c515,Fong Clement Vo,2025-01-25,07:48:28,-08:00,2025-01-25T07:48:28-08:00,0,14
global.js,142,js,b575c515,Fong Clement Vo,2025-01-25,07:48:28,-08:00,2025-01-25T07:48:28-08:00,0,0
global.js,143,js,b575c515,Fong Clement Vo,2025-01-25,07:48:28,-08:00,2025-01-25T07:48:28-08:00,0,0
global.js,144,js,b575c515,Fong Clement Vo,2025-01-25,07:48:28,-08:00,2025-01-25T07:48:28-08:00,0,79
global.js,145,js,b575c515,Fong Clement Vo,2025-01-25,07:48:28,-08:00,2025-01-25T07:48:28-08:00,0,35
global.js,146,js,b575c515,Fong Clement Vo,2025-01-25,07:48:28,-08:00,2025-01-25T07:48:28-08:00,0,60
global.js,147,js,b575c515,Fong Clement Vo,2025-01-25,07:48:28,-08:00,2025-01-25T07:48:28-08:00,0,6
global.js,148,js,b575c515,Fong Clement Vo,2025-01-25,07:48:28,-08:00,2025-01-25T07:48:28-08:00,0,0
global.js,149,js,b575c515,Fong Clement Vo,2025-01-25,07:48:28,-08:00,2025-01-25T07:48:28-08:00,0,0
global.js,150,js,b575c515,Fong Clement Vo,2025-01-25,07:48:28,-08:00,2025-01-25T07:48:28-08:00,0,31
global.js,151,js,b575c515,Fong Clement Vo,2025-01-25,07:48:28,-08:00,2025-01-25T07:48:28-08:00,0,0
global.js,152,js,b575c515,Fong Clement Vo,2025-01-25,07:48:28,-08:00,2025-01-25T07:48:28-08:00,0,26
global.js,153,js,b575c515,Fong Clement Vo,2025-01-25,07:48:28,-08:00,2025-01-25T07:48:28-08:00,0,49
global.js,154,js,b575c515,Fong Clement Vo,2025-01-25,07:48:28,-08:00,2025-01-25T07:48:28-08:00,0,0
global.js,155,js,b575c515,Fong Clement Vo,2025-01-25,07:48:28,-08:00,2025-01-25T07:48:28-08:00,0,20
global.js,156,js,b575c515,Fong Clement Vo,2025-01-25,07:48:28,-08:00,2025-01-25T07:48:28-08:00,0,47
global.js,157,js,b575c515,Fong Clement Vo,2025-01-25,07:48:28,-08:00,2025-01-25T07:48:28-08:00,0,84
global.js,158,js,26983b66,Fong Clement Vo,2025-02-01,09:35:00,-08:00,2025-02-01T09:35:00-08:00,0,28
global.js,159,js,26983b66,Fong Clement Vo,2025-02-01,09:35:00,-08:00,2025-02-01T09:35:00-08:00,0,56
global.js,160,js,26983b66,Fong Clement Vo,2025-02-01,09:35:00,-08:00,2025-02-01T09:35:00-08:00,0,73
global.js,161,js,26983b66,Fong Clement Vo,2025-02-01,09:35:00,-08:00,2025-02-01T09:35:00-08:00,0,5
global.js,162,js,b575c515,Fong Clement Vo,2025-01-25,07:48:28,-08:00,2025-01-25T07:48:28-08:00,0,1
global.js,163,js,b575c515,Fong Clement Vo,2025-01-25,07:48:28,-08:00,2025-01-25T07:48:28-08:00,0,0
global.js,164,js,b575c515,Fong Clement Vo,2025-01-25,07:48:28,-08:00,2025-01-25T07:48:28-08:00,0,37
global.js,165,js,b575c515,Fong Clement Vo,2025-01-25,07:48:28,-08:00,2025-01-25T07:48:28-08:00,0,2
global.js,166,js,b575c515,Fong Clement Vo,2025-01-25,07:48:28,-08:00,2025-01-25T07:48:28-08:00,0,0
global.js,167,js,b575c515,Fong Clement Vo,2025-01-25,07:48:28,-08:00,2025-01-25T07:48:28-08:00,0,0
global.js,168,js,b575c515,Fong Clement Vo,2025-01-25,07:48:28,-08:00,2025-01-25T07:48:28-08:00,0,30
global.js,169,js,b575c515,Fong Clement Vo,2025-01-25,07:48:28,-08:00,2025-01-25T07:48:28-08:00,0,71
global.js,170,js,1680c867,Fong Clement Vo,2025-01-27,16:15:35,-08:00,2025-01-27T16:15:35-08:00,0,68
global.js,171,js,b575c515,Fong Clement Vo,2025-01-25,07:48:28,-08:00,2025-01-25T07:48:28-08:00,0,0
global.js,172,js,b575c515,Fong Clement Vo,2025-01-25,07:48:28,-08:00,2025-01-25T07:48:28-08:00,0,39
global.js,173,js,b575c515,Fong Clement Vo,2025-01-25,07:48:28,-08:00,2025-01-25T07:48:28-08:00,0,53
global.js,174,js,b575c515,Fong Clement Vo,2025-01-25,07:48:28,-08:00,2025-01-25T07:48:28-08:00,0,0
global.js,175,js,b575c515,Fong Clement Vo,2025-01-25,07:48:28,-08:00,2025-01-25T07:48:28-08:00,0,0
global.js,176,js,b575c515,Fong Clement Vo,2025-01-25,07:48:28,-08:00,2025-01-25T07:48:28-08:00,0,0
global.js,177,js,b575c515,Fong Clement Vo,2025-01-25,07:48:28,-08:00,2025-01-25T07:48:28-08:00,0,61
global.js,178,js,b575c515,Fong Clement Vo,2025-01-25,07:48:28,-08:00,2025-01-25T07:48:28-08:00,0,14
global.js,179,js,eb4c2683,Fong Clement Vo,2025-01-27,16:09:40,-08:00,2025-01-27T16:09:40-08:00,0,0
global.js,180,js,eb4c2683,Fong Clement Vo,2025-01-27,16:09:40,-08:00,2025-01-27T16:09:40-08:00,0,0
global.js,181,js,eb4c2683,Fong Clement Vo,2025-01-27,16:09:40,-08:00,2025-01-27T16:09:40-08:00,0,48
global.js,182,js,eb4c2683,Fong Clement Vo,2025-01-27,16:09:40,-08:00,2025-01-27T16:09:40-08:00,0,60
global.js,183,js,b575c515,Fong Clement Vo,2025-01-25,07:48:28,-08:00,2025-01-25T07:48:28-08:00,0,0
resume/index.html,1,html,47bbad61,Fong Clement Vo,2025-01-08,09:36:43,-08:00,2025-01-08T09:36:43-08:00,0,14
resume/index.html,2,html,47bbad61,Fong Clement Vo,2025-01-08,09:36:43,-08:00,2025-01-08T09:36:43-08:00,0,15
resume/index.html,3,html,47bbad61,Fong Clement Vo,2025-01-08,09:36:43,-08:00,2025-01-08T09:36:43-08:00,0,5
resume/index.html,4,html,47bbad61,Fong Clement Vo,2025-01-08,09:36:43,-08:00,2025-01-08T09:36:43-08:00,0,21
resume/index.html,5,html,47bbad61,Fong Clement Vo,2025-01-08,09:36:43,-08:00,2025-01-08T09:36:43-08:00,0,69
resume/index.html,6,html,47bbad61,Fong Clement Vo,2025-01-08,09:36:43,-08:00,2025-01-08T09:36:43-08:00,0,20
resume/index.html,7,html,47bbad61,Fong Clement Vo,2025-01-08,09:36:43,-08:00,2025-01-08T09:36:43-08:00,0,6
resume/index.html,8,html,47bbad61,Fong Clement Vo,2025-01-08,09:36:43,-08:00,2025-01-08T09:36:43-08:00,0,5
resume/index.html,9,html,47bbad61,Fong Clement Vo,2025-01-08,09:36:43,-08:00,2025-01-08T09:36:43-08:00,0,30
resume/index.html,10,html,47bbad61,Fong Clement Vo,2025-01-08,09:36:43,-08:00,2025-01-08T09:36:43-08:00,0,12
resume/index.html,11,html,47bbad61,Fong Clement Vo,2025-01-08,09:36:43,-08:00,2025-01-08T09:36:43-08:00,0,16
resume/index.html,12,html,47bbad61,Fong Clement Vo,2025-01-08,09:36:43,-08:00,2025-01-08T09:36:43-08:00,0,0
resume/index.html,13,html,47bbad61,Fong Clement Vo,2025-01-08,09:36:43,-08:00,2025-01-08T09:36:43-08:00,0,11
resume/index.html,14,html,47bbad61,Fong Clement Vo,2025-01-08,09:36:43,-08:00,2025-01-08T09:36:43-08:00,0,16
resume/index.html,15,html,47bbad61,Fong Clement Vo,2025-01-08,09:36:43,-08:00,2025-01-08T09:36:43-08:00,0,12
resume/index.html,16,html,47bbad61,Fong Clement Vo,2025-01-08,09:36:43,-08:00,2025-01-08T09:36:43-08:00,0,13
resume/index.html,17,html,47bbad61,Fong Clement Vo,2025-01-08,09:36:43,-08:00,2025-01-08T09:36:43-08:00,0,22
resume/index.html,18,html,47bbad61,Fong Clement Vo,2025-01-08,09:36:43,-08:00,2025-01-08T09:36:43-08:00,0,18
resume/index.html,19,html,47bbad61,Fong Clement Vo,2025-01-08,09:36:43,-08:00,2025-01-08T09:36:43-08:00,0,0
resume/index.html,20,html,47bbad61,Fong Clement Vo,2025-01-08,09:36:43,-08:00,2025-01-08T09:36:43-08:00,0,9
resume/index.html,21,html,47bbad61,Fong Clement Vo,2025-01-08,09:36:43,-08:00,2025-01-08T09:36:43-08:00,0,19
resume/index.html,22,html,47bbad61,Fong Clement Vo,2025-01-08,09:36:43,-08:00,2025-01-08T09:36:43-08:00,0,0
resume/index.html,23,html,47bbad61,Fong Clement Vo,2025-01-08,09:36:43,-08:00,2025-01-08T09:36:43-08:00,0,16
resume/index.html,24,html,47bbad61,Fong Clement Vo,2025-01-08,09:36:43,-08:00,2025-01-08T09:36:43-08:00,0,16
resume/index.html,25,html,47bbad61,Fong Clement Vo,2025-01-08,09:36:43,-08:00,2025-01-08T09:36:43-08:00,0,19
resume/index.html,26,html,47bbad61,Fong Clement Vo,2025-01-08,09:36:43,-08:00,2025-01-08T09:36:43-08:00,0,29
resume/index.html,27,html,47bbad61,Fong Clement Vo,2025-01-08,09:36:43,-08:00,2025-01-08T09:36:43-08:00,0,19
resume/index.html,28,html,47bbad61,Fong Clement Vo,2025-01-08,09:36:43,-08:00,2025-01-08T09:36:43-08:00,0,0
resume/index.html,29,html,47bbad61,Fong Clement Vo,2025-01-08,09:36:43,-08:00,2025-01-08T09:36:43-08:00,0,3
resume/index.html,30,html,47bbad61,Fong Clement Vo,2025-01-08,09:36:43,-08:00,2025-01-08T09:36:43-08:00,0,21
resume/index.html,31,html,47bbad61,Fong Clement Vo,2025-01-08,09:36:43,-08:00,2025-01-08T09:36:43-08:00,0,10
resume/index.html,32,html,47bbad61,Fong Clement Vo,2025-01-08,09:36:43,-08:00,2025-01-08T09:36:43-08:00,0,0
resume/index.html,33,html,47bbad61,Fong Clement Vo,2025-01-08,09:36:43,-08:00,2025-01-08T09:36:43-08:00,0,3
resume/index.html,34,html,47bbad61,Fong Clement Vo,2025-01-08,09:36:43,-08:00,2025-01-08T09:36:43-08:00,0,19
resume/index.html,35,html,47bbad61,Fong Clement Vo,2025-01-08,09:36:43,-08:00,2025-01-08T09:36:43-08:00,0,0
resume/index.html,36,html,47bbad61,Fong Clement Vo,2025-01-08,09:36:43,-08:00,2025-01-08T09:36:43-08:00,0,7
resume/index.html,37,html,e0f6682a,Fong Clement Vo,2025-01-10,17:35:04,-08:00,2025-01-10T17:35:04-08:00,0,42
resume/index.html,38,html,47bbad61,Fong Clement Vo,2025-01-08,09:36:43,-08:00,2025-01-08T09:36:43-08:00,0,6
resume/index.html,39,html,47bbad61,Fong Clement Vo,2025-01-08,09:36:43,-08:00,2025-01-08T09:36:43-08:00,0,5
resume/index.html,40,html,47bbad61,Fong Clement Vo,2025-01-08,09:36:43,-08:00,2025-01-08T09:36:43-08:00,0,22
resume/index.html,41,html,71a4a281,Fong Clement Vo,2025-01-08,09:50:03,-08:00,2025-01-08T09:50:03-08:00,0,15
resume/index.html,42,html,a92cedad,Fong Clement Vo,2025-01-09,13:20:14,-08:00,2025-01-09T13:20:14-08:00,0,25
resume/index.html,43,html,47bbad61,Fong Clement Vo,2025-01-08,09:36:43,-08:00,2025-01-08T09:36:43-08:00,0,0
resume/index.html,44,html,47bbad61,Fong Clement Vo,2025-01-08,09:36:43,-08:00,2025-01-08T09:36:43-08:00,0,20
resume/index.html,45,html,47bbad61,Fong Clement Vo,2025-01-08,09:36:43,-08:00,2025-01-08T09:36:43-08:00,0,39
resume/index.html,46,html,47bbad61,Fong Clement Vo,2025-01-08,09:36:43,-08:00,2025-01-08T09:36:43-08:00,0,3
resume/index.html,47,html,47bbad61,Fong Clement Vo,2025-01-08,09:36:43,-08:00,2025-01-08T09:36:43-08:00,0,29
resume/index.html,48,html,71a4a281,Fong Clement Vo,2025-01-08,09:50:03,-08:00,2025-01-08T09:50:03-08:00,0,28
resume/index.html,49,html,47bbad61,Fong Clement Vo,2025-01-08,09:36:43,-08:00,2025-01-08T09:36:43-08:00,0,43
resume/index.html,50,html,47bbad61,Fong Clement Vo,2025-01-08,09:36:43,-08:00,2025-01-08T09:36:43-08:00,0,36
resume/index.html,51,html,47bbad61,Fong Clement Vo,2025-01-08,09:36:43,-08:00,2025-01-08T09:36:43-08:00,0,4
resume/index.html,52,html,47bbad61,Fong Clement Vo,2025-01-08,09:36:43,-08:00,2025-01-08T09:36:43-08:00,0,5
resume/index.html,53,html,47bbad61,Fong Clement Vo,2025-01-08,09:36:43,-08:00,2025-01-08T09:36:43-08:00,0,0
resume/index.html,54,html,47bbad61,Fong Clement Vo,2025-01-08,09:36:43,-08:00,2025-01-08T09:36:43-08:00,0,20
resume/index.html,55,html,47bbad61,Fong Clement Vo,2025-01-08,09:36:43,-08:00,2025-01-08T09:36:43-08:00,0,43
resume/index.html,56,html,47bbad61,Fong Clement Vo,2025-01-08,09:36:43,-08:00,2025-01-08T09:36:43-08:00,0,3
resume/index.html,57,html,47bbad61,Fong Clement Vo,2025-01-08,09:36:43,-08:00,2025-01-08T09:36:43-08:00,0,3
resume/index.html,58,html,47bbad61,Fong Clement Vo,2025-01-08,09:36:43,-08:00,2025-01-08T09:36:43-08:00,0,64
resume/index.html,59,html,47bbad61,Fong Clement Vo,2025-01-08,09:36:43,-08:00,2025-01-08T09:36:43-08:00,0,3
resume/index.html,60,html,47bbad61,Fong Clement Vo,2025-01-08,09:36:43,-08:00,2025-01-08T09:36:43-08:00,0,73
resume/index.html,61,html,47bbad61,Fong Clement Vo,2025-01-08,09:36:43,-08:00,2025-01-08T09:36:43-08:00,0,94
resume/index.html,62,html,47bbad61,Fong Clement Vo,2025-01-08,09:36:43,-08:00,2025-01-08T09:36:43-08:00,0,65
resume/index.html,63,html,47bbad61,Fong Clement Vo,2025-01-08,09:36:43,-08:00,2025-01-08T09:36:43-08:00,0,4
resume/index.html,64,html,47bbad61,Fong Clement Vo,2025-01-08,09:36:43,-08:00,2025-01-08T09:36:43-08:00,0,4
resume/index.html,65,html,47bbad61,Fong Clement Vo,2025-01-08,09:36:43,-08:00,2025-01-08T09:36:43-08:00,0,3
resume/index.html,66,html,47bbad61,Fong Clement Vo,2025-01-08,09:36:43,-08:00,2025-01-08T09:36:43-08:00,0,68
resume/index.html,67,html,47bbad61,Fong Clement Vo,2025-01-08,09:36:43,-08:00,2025-01-08T09:36:43-08:00,0,3
resume/index.html,68,html,47bbad61,Fong Clement Vo,2025-01-08,09:36:43,-08:00,2025-01-08T09:36:43-08:00,0,63
resume/index.html,69,html,47bbad61,Fong Clement Vo,2025-01-08,09:36:43,-08:00,2025-01-08T09:36:43-08:00,0,62
resume/index.html,70,html,47bbad61,Fong Clement Vo,2025-01-08,09:36:43,-08:00,2025-01-08T09:36:43-08:00,0,53
resume/index.html,71,html,47bbad61,Fong Clement Vo,2025-01-08,09:36:43,-08:00,2025-01-08T09:36:43-08:00,0,4
resume/index.html,72,html,47bbad61,Fong Clement Vo,2025-01-08,09:36:43,-08:00,2025-01-08T09:36:43-08:00,0,4
resume/index.html,73,html,47bbad61,Fong Clement Vo,2025-01-08,09:36:43,-08:00,2025-01-08T09:36:43-08:00,0,4
resume/index.html,74,html,47bbad61,Fong Clement Vo,2025-01-08,09:36:43,-08:00,2025-01-08T09:36:43-08:00,0,5
resume/index.html,75,html,47bbad61,Fong Clement Vo,2025-01-08,09:36:43,-08:00,2025-01-08T09:36:43-08:00,0,0
resume/index.html,76,html,47bbad61,Fong Clement Vo,2025-01-08,09:36:43,-08:00,2025-01-08T09:36:43-08:00,0,20
resume/index.html,77,html,47bbad61,Fong Clement Vo,2025-01-08,09:36:43,-08:00,2025-01-08T09:36:43-08:00,0,42
resume/index.html,78,html,47bbad61,Fong Clement Vo,2025-01-08,09:36:43,-08:00,2025-01-08T09:36:43-08:00,0,3
resume/index.html,79,html,71a4a281,Fong Clement Vo,2025-01-08,09:50:03,-08:00,2025-01-08T09:50:03-08:00,0,94
resume/index.html,80,html,47bbad61,Fong Clement Vo,2025-01-08,09:36:43,-08:00,2025-01-08T09:36:43-08:00,0,4
resume/index.html,81,html,47bbad61,Fong Clement Vo,2025-01-08,09:36:43,-08:00,2025-01-08T09:36:43-08:00,0,5
resume/index.html,82,html,47bbad61,Fong Clement Vo,2025-01-08,09:36:43,-08:00,2025-01-08T09:36:43-08:00,0,5
resume/index.html,83,html,8383e34d,Fong Clement Vo,2025-01-17,15:27:57,-08:00,2025-01-17T15:27:57-08:00,0,49
resume/index.html,84,html,47bbad61,Fong Clement Vo,2025-01-08,09:36:43,-08:00,2025-01-08T09:36:43-08:00,0,6
resume/index.html,85,html,47bbad61,Fong Clement Vo,2025-01-08,09:36:43,-08:00,2025-01-08T09:36:43-08:00,0,6
projects/projects.js,1,js,e7f80ba4,Fong Clement Vo,2025-02-01,09:57:55,-08:00,2025-02-01T09:57:55-08:00,0,60
projects/projects.js,2,js,b575c515,Fong Clement Vo,2025-01-25,07:48:28,-08:00,2025-01-25T07:48:28-08:00,0,56
projects/projects.js,3,js,b575c515,Fong Clement Vo,2025-01-25,07:48:28,-08:00,2025-01-25T07:48:28-08:00,0,0
projects/projects.js,4,js,b575c515,Fong Clement Vo,2025-01-25,07:48:28,-08:00,2025-01-25T07:48:28-08:00,0,56
projects/projects.js,5,js,b575c515,Fong Clement Vo,2025-01-25,07:48:28,-08:00,2025-01-25T07:48:28-08:00,0,61
projects/projects.js,6,js,2c911e49,Fong Clement Vo,2025-01-25,08:30:19,-08:00,2025-01-25T08:30:19-08:00,0,63
projects/projects.js,7,js,e7f80ba4,Fong Clement Vo,2025-02-01,09:57:55,-08:00,2025-02-01T09:57:55-08:00,0,0
projects/projects.js,8,js,89681b45,Fong Clement Vo,2025-02-01,14:48:59,-08:00,2025-02-01T14:48:59-08:00,0,14
projects/projects.js,9,js,805bf884,Fong Clement Vo,2025-02-01,18:04:44,-08:00,2025-02-01T18:04:44-08:00,0,22
projects/projects.js,10,js,89681b45,Fong Clement Vo,2025-02-01,14:48:59,-08:00,2025-02-01T14:48:59-08:00,0,0
projects/projects.js,11,js,89681b45,Fong Clement Vo,2025-02-01,14:48:59,-08:00,2025-02-01T14:48:59-08:00,0,28
projects/projects.js,12,js,89681b45,Fong Clement Vo,2025-02-01,14:48:59,-08:00,2025-02-01T14:48:59-08:00,0,30
projects/projects.js,13,js,805bf884,Fong Clement Vo,2025-02-01,18:04:44,-08:00,2025-02-01T18:04:44-08:00,0,36
projects/projects.js,14,js,5cc7e110,Fong Clement Vo,2025-02-01,14:57:15,-08:00,2025-02-01T14:57:15-08:00,0,60
projects/projects.js,15,js,5cc7e110,Fong Clement Vo,2025-02-01,14:57:15,-08:00,2025-02-01T14:57:15-08:00,0,29
projects/projects.js,16,js,5cc7e110,Fong Clement Vo,2025-02-01,14:57:15,-08:00,2025-02-01T14:57:15-08:00,0,2
projects/projects.js,17,js,89681b45,Fong Clement Vo,2025-02-01,14:48:59,-08:00,2025-02-01T14:48:59-08:00,0,0
projects/projects.js,18,js,89681b45,Fong Clement Vo,2025-02-01,14:48:59,-08:00,2025-02-01T14:48:59-08:00,0,0
projects/projects.js,19,js,805bf884,Fong Clement Vo,2025-02-01,18:04:44,-08:00,2025-02-01T18:04:44-08:00,0,36
projects/projects.js,20,js,805bf884,Fong Clement Vo,2025-02-01,18:04:44,-08:00,2025-02-01T18:04:44-08:00,0,30
projects/projects.js,21,js,805bf884,Fong Clement Vo,2025-02-01,18:04:44,-08:00,2025-02-01T18:04:44-08:00,0,13
projects/projects.js,22,js,805bf884,Fong Clement Vo,2025-02-01,18:04:44,-08:00,2025-02-01T18:04:44-08:00,0,15
projects/projects.js,23,js,805bf884,Fong Clement Vo,2025-02-01,18:04:44,-08:00,2025-02-01T18:04:44-08:00,0,12
projects/projects.js,24,js,53a8beb3,Fong Clement Vo,2025-02-01,15:03:31,-08:00,2025-02-01T15:03:31-08:00,0,1
projects/projects.js,25,js,805bf884,Fong Clement Vo,2025-02-01,18:04:44,-08:00,2025-02-01T18:04:44-08:00,0,45
projects/projects.js,26,js,53a8beb3,Fong Clement Vo,2025-02-01,15:03:31,-08:00,2025-02-01T15:03:31-08:00,0,12
projects/projects.js,27,js,53a8beb3,Fong Clement Vo,2025-02-01,15:03:31,-08:00,2025-02-01T15:03:31-08:00,0,21
projects/projects.js,28,js,53a8beb3,Fong Clement Vo,2025-02-01,15:03:31,-08:00,2025-02-01T15:03:31-08:00,0,3
projects/projects.js,29,js,805bf884,Fong Clement Vo,2025-02-01,18:04:44,-08:00,2025-02-01T18:04:44-08:00,0,0
projects/projects.js,30,js,53a8beb3,Fong Clement Vo,2025-02-01,15:03:31,-08:00,2025-02-01T15:03:31-08:00,0,0
projects/projects.js,31,js,805bf884,Fong Clement Vo,2025-02-01,18:04:44,-08:00,2025-02-01T18:04:44-08:00,0,60
projects/projects.js,32,js,805bf884,Fong Clement Vo,2025-02-01,18:04:44,-08:00,2025-02-01T18:04:44-08:00,0,28
projects/projects.js,33,js,805bf884,Fong Clement Vo,2025-02-01,18:04:44,-08:00,2025-02-01T18:04:44-08:00,0,35
projects/projects.js,34,js,805bf884,Fong Clement Vo,2025-02-01,18:04:44,-08:00,2025-02-01T18:04:44-08:00,0,0
projects/projects.js,35,js,53a8beb3,Fong Clement Vo,2025-02-01,15:03:31,-08:00,2025-02-01T15:03:31-08:00,0,30
projects/projects.js,36,js,805bf884,Fong Clement Vo,2025-02-01,18:04:44,-08:00,2025-02-01T18:04:44-08:00,0,15
projects/projects.js,37,js,805bf884,Fong Clement Vo,2025-02-01,18:04:44,-08:00,2025-02-01T18:04:44-08:00,0,0
projects/projects.js,38,js,805bf884,Fong Clement Vo,2025-02-01,18:04:44,-08:00,2025-02-01T18:04:44-08:00,0,30
projects/projects.js,39,js,805bf884,Fong Clement Vo,2025-02-01,18:04:44,-08:00,2025-02-01T18:04:44-08:00,0,17
projects/projects.js,40,js,805bf884,Fong Clement Vo,2025-02-01,18:04:44,-08:00,2025-02-01T18:04:44-08:00,0,14
projects/projects.js,41,js,805bf884,Fong Clement Vo,2025-02-01,18:04:44,-08:00,2025-02-01T18:04:44-08:00,0,35
projects/projects.js,42,js,805bf884,Fong Clement Vo,2025-02-01,18:04:44,-08:00,2025-02-01T18:04:44-08:00,0,26
projects/projects.js,43,js,015a4a03,Fong Clement Vo,2025-02-01,15:19:01,-08:00,2025-02-01T15:19:01-08:00,0,19
projects/projects.js,44,js,805bf884,Fong Clement Vo,2025-02-01,18:04:44,-08:00,2025-02-01T18:04:44-08:00,0,44
projects/projects.js,45,js,805bf884,Fong Clement Vo,2025-02-01,18:04:44,-08:00,2025-02-01T18:04:44-08:00,0,0
projects/projects.js,46,js,805bf884,Fong Clement Vo,2025-02-01,18:04:44,-08:00,2025-02-01T18:04:44-08:00,0,44
projects/projects.js,47,js,805bf884,Fong Clement Vo,2025-02-01,18:04:44,-08:00,2025-02-01T18:04:44-08:00,0,58
projects/projects.js,48,js,015a4a03,Fong Clement Vo,2025-02-01,15:19:01,-08:00,2025-02-01T15:19:01-08:00,0,2
projects/projects.js,49,js,805bf884,Fong Clement Vo,2025-02-01,18:04:44,-08:00,2025-02-01T18:04:44-08:00,0,0
projects/projects.js,50,js,805bf884,Fong Clement Vo,2025-02-01,18:04:44,-08:00,2025-02-01T18:04:44-08:00,0,45
projects/projects.js,51,js,805bf884,Fong Clement Vo,2025-02-01,18:04:44,-08:00,2025-02-01T18:04:44-08:00,0,65
projects/projects.js,52,js,015a4a03,Fong Clement Vo,2025-02-01,15:19:01,-08:00,2025-02-01T15:19:01-08:00,0,2
projects/projects.js,53,js,805bf884,Fong Clement Vo,2025-02-01,18:04:44,-08:00,2025-02-01T18:04:44-08:00,0,0
projects/projects.js,54,js,805bf884,Fong Clement Vo,2025-02-01,18:04:44,-08:00,2025-02-01T18:04:44-08:00,0,26
projects/projects.js,55,js,805bf884,Fong Clement Vo,2025-02-01,18:04:44,-08:00,2025-02-01T18:04:44-08:00,0,51
projects/projects.js,56,js,805bf884,Fong Clement Vo,2025-02-01,18:04:44,-08:00,2025-02-01T18:04:44-08:00,0,55
projects/projects.js,57,js,805bf884,Fong Clement Vo,2025-02-01,18:04:44,-08:00,2025-02-01T18:04:44-08:00,0,39
projects/projects.js,58,js,805bf884,Fong Clement Vo,2025-02-01,18:04:44,-08:00,2025-02-01T18:04:44-08:00,0,1
projects/projects.js,59,js,805bf884,Fong Clement Vo,2025-02-01,18:04:44,-08:00,2025-02-01T18:04:44-08:00,0,0
projects/projects.js,60,js,805bf884,Fong Clement Vo,2025-02-01,18:04:44,-08:00,2025-02-01T18:04:44-08:00,0,57
projects/projects.js,61,js,805bf884,Fong Clement Vo,2025-02-01,18:04:44,-08:00,2025-02-01T18:04:44-08:00,0,19
projects/projects.js,62,js,805bf884,Fong Clement Vo,2025-02-01,18:04:44,-08:00,2025-02-01T18:04:44-08:00,0,63
projects/projects.js,63,js,805bf884,Fong Clement Vo,2025-02-01,18:04:44,-08:00,2025-02-01T18:04:44-08:00,0,0
projects/projects.js,64,js,805bf884,Fong Clement Vo,2025-02-01,18:04:44,-08:00,2025-02-01T18:04:44-08:00,0,0
projects/projects.js,65,js,805bf884,Fong Clement Vo,2025-02-01,18:04:44,-08:00,2025-02-01T18:04:44-08:00,0,15
projects/projects.js,66,js,805bf884,Fong Clement Vo,2025-02-01,18:04:44,-08:00,2025-02-01T18:04:44-08:00,0,45
projects/projects.js,67,js,805bf884,Fong Clement Vo,2025-02-01,18:04:44,-08:00,2025-02-01T18:04:44-08:00,0,23
projects/projects.js,68,js,805bf884,Fong Clement Vo,2025-02-01,18:04:44,-08:00,2025-02-01T18:04:44-08:00,0,18
projects/projects.js,69,js,805bf884,Fong Clement Vo,2025-02-01,18:04:44,-08:00,2025-02-01T18:04:44-08:00,0,32
projects/projects.js,70,js,805bf884,Fong Clement Vo,2025-02-01,18:04:44,-08:00,2025-02-01T18:04:44-08:00,0,70
projects/projects.js,71,js,805bf884,Fong Clement Vo,2025-02-01,18:04:44,-08:00,2025-02-01T18:04:44-08:00,0,2
projects/projects.js,72,js,805bf884,Fong Clement Vo,2025-02-01,18:04:44,-08:00,2025-02-01T18:04:44-08:00,0,7
projects/projects.js,73,js,805bf884,Fong Clement Vo,2025-02-01,18:04:44,-08:00,2025-02-01T18:04:44-08:00,0,54
projects/projects.js,74,js,805bf884,Fong Clement Vo,2025-02-01,18:04:44,-08:00,2025-02-01T18:04:44-08:00,0,19
projects/projects.js,75,js,805bf884,Fong Clement Vo,2025-02-01,18:04:44,-08:00,2025-02-01T18:04:44-08:00,0,60
projects/projects.js,76,js,805bf884,Fong Clement Vo,2025-02-01,18:04:44,-08:00,2025-02-01T18:04:44-08:00,0,0
projects/projects.js,77,js,805bf884,Fong Clement Vo,2025-02-01,18:04:44,-08:00,2025-02-01T18:04:44-08:00,0,0
projects/projects.js,78,js,805bf884,Fong Clement Vo,2025-02-01,18:04:44,-08:00,2025-02-01T18:04:44-08:00,0,15
projects/projects.js,79,js,805bf884,Fong Clement Vo,2025-02-01,18:04:44,-08:00,2025-02-01T18:04:44-08:00,0,42
projects/projects.js,80,js,805bf884,Fong Clement Vo,2025-02-01,18:04:44,-08:00,2025-02-01T18:04:44-08:00,0,28
projects/projects.js,81,js,805bf884,Fong Clement Vo,2025-02-01,18:04:44,-08:00,2025-02-01T18:04:44-08:00,0,18
projects/projects.js,82,js,805bf884,Fong Clement Vo,2025-02-01,18:04:44,-08:00,2025-02-01T18:04:44-08:00,0,51
projects/projects.js,83,js,805bf884,Fong Clement Vo,2025-02-01,18:04:44,-08:00,2025-02-01T18:04:44-08:00,0,70
projects/projects.js,84,js,805bf884,Fong Clement Vo,2025-02-01,18:04:44,-08:00,2025-02-01T18:04:44-08:00,0,2
projects/projects.js,85,js,805bf884,Fong Clement Vo,2025-02-01,18:04:44,-08:00,2025-02-01T18:04:44-08:00,0,0
projects/projects.js,86,js,015a4a03,Fong Clement Vo,2025-02-01,15:19:01,-08:00,2025-02-01T15:19:01-08:00,0,2
projects/projects.js,87,js,53a8beb3,Fong Clement Vo,2025-02-01,15:03:31,-08:00,2025-02-01T15:03:31-08:00,0,2
projects/projects.js,88,js,53a8beb3,Fong Clement Vo,2025-02-01,15:03:31,-08:00,2025-02-01T15:03:31-08:00,0,0
projects/projects.js,89,js,805bf884,Fong Clement Vo,2025-02-01,18:04:44,-08:00,2025-02-01T18:04:44-08:00,0,28
projects/projects.js,90,js,53a8beb3,Fong Clement Vo,2025-02-01,15:03:31,-08:00,2025-02-01T15:03:31-08:00,0,18
projects/projects.js,91,js,805bf884,Fong Clement Vo,2025-02-01,18:04:44,-08:00,2025-02-01T18:04:44-08:00,0,49
projects/projects.js,92,js,805bf884,Fong Clement Vo,2025-02-01,18:04:44,-08:00,2025-02-01T18:04:44-08:00,0,70
projects/projects.js,93,js,53a8beb3,Fong Clement Vo,2025-02-01,15:03:31,-08:00,2025-02-01T15:03:31-08:00,0,2
projects/projects.js,94,js,53a8beb3,Fong Clement Vo,2025-02-01,15:03:31,-08:00,2025-02-01T15:03:31-08:00,0,0
projects/projects.js,95,js,53a8beb3,Fong Clement Vo,2025-02-01,15:03:31,-08:00,2025-02-01T15:03:31-08:00,0,0
projects/projects.js,96,js,805bf884,Fong Clement Vo,2025-02-01,18:04:44,-08:00,2025-02-01T18:04:44-08:00,0,43
projects/projects.js,97,js,805bf884,Fong Clement Vo,2025-02-01,18:04:44,-08:00,2025-02-01T18:04:44-08:00,0,34
projects/projects.js,98,js,805bf884,Fong Clement Vo,2025-02-01,18:04:44,-08:00,2025-02-01T18:04:44-08:00,0,0
projects/projects.js,99,js,805bf884,Fong Clement Vo,2025-02-01,18:04:44,-08:00,2025-02-01T18:04:44-08:00,0,60
projects/projects.js,100,js,805bf884,Fong Clement Vo,2025-02-01,18:04:44,-08:00,2025-02-01T18:04:44-08:00,0,53
projects/projects.js,101,js,805bf884,Fong Clement Vo,2025-02-01,18:04:44,-08:00,2025-02-01T18:04:44-08:00,0,36
projects/projects.js,102,js,805bf884,Fong Clement Vo,2025-02-01,18:04:44,-08:00,2025-02-01T18:04:44-08:00,0,46
projects/projects.js,103,js,805bf884,Fong Clement Vo,2025-02-01,18:04:44,-08:00,2025-02-01T18:04:44-08:00,0,0
projects/projects.js,104,js,805bf884,Fong Clement Vo,2025-02-01,18:04:44,-08:00,2025-02-01T18:04:44-08:00,0,35
projects/projects.js,105,js,805bf884,Fong Clement Vo,2025-02-01,18:04:44,-08:00,2025-02-01T18:04:44-08:00,0,0
projects/projects.js,106,js,015a4a03,Fong Clement Vo,2025-02-01,15:19:01,-08:00,2025-02-01T15:19:01-08:00,0,0
projects/projects.js,107,js,805bf884,Fong Clement Vo,2025-02-01,18:04:44,-08:00,2025-02-01T18:04:44-08:00,0,49
projects/projects.js,108,js,805bf884,Fong Clement Vo,2025-02-01,18:04:44,-08:00,2025-02-01T18:04:44-08:00,0,19
projects/projects.js,109,js,805bf884,Fong Clement Vo,2025-02-01,18:04:44,-08:00,2025-02-01T18:04:44-08:00,0,55
projects/projects.js,110,js,805bf884,Fong Clement Vo,2025-02-01,18:04:44,-08:00,2025-02-01T18:04:44-08:00,0,0
projects/projects.js,111,js,53a8beb3,Fong Clement Vo,2025-02-01,15:03:31,-08:00,2025-02-01T15:03:31-08:00,0,33
projects/projects.js,112,js,53a8beb3,Fong Clement Vo,2025-02-01,15:03:31,-08:00,2025-02-01T15:03:31-08:00,0,0
projects/projects.js,113,js,805bf884,Fong Clement Vo,2025-02-01,18:04:44,-08:00,2025-02-01T18:04:44-08:00,0,67
projects/projects.js,114,js,89681b45,Fong Clement Vo,2025-02-01,14:48:59,-08:00,2025-02-01T14:48:59-08:00,0,49
projects/projects.js,115,js,805bf884,Fong Clement Vo,2025-02-01,18:04:44,-08:00,2025-02-01T18:04:44-08:00,0,53
projects/projects.js,116,js,0e6ba6c2,Fong Clement Vo,2025-02-05,23:48:48,-08:00,2025-02-05T23:48:48-08:00,0,18
projects/projects.js,117,js,89681b45,Fong Clement Vo,2025-02-01,14:48:59,-08:00,2025-02-01T14:48:59-08:00,0,0
projects/projects.js,118,js,805bf884,Fong Clement Vo,2025-02-01,18:04:44,-08:00,2025-02-01T18:04:44-08:00,0,57
projects/projects.js,119,js,89681b45,Fong Clement Vo,2025-02-01,14:48:59,-08:00,2025-02-01T14:48:59-08:00,0,19
projects/projects.js,120,js,805bf884,Fong Clement Vo,2025-02-01,18:04:44,-08:00,2025-02-01T18:04:44-08:00,0,63
projects/projects.js,121,js,89681b45,Fong Clement Vo,2025-02-01,14:48:59,-08:00,2025-02-01T14:48:59-08:00,0,0
projects/projects.js,122,js,805bf884,Fong Clement Vo,2025-02-01,18:04:44,-08:00,2025-02-01T18:04:44-08:00,0,41
projects/projects.js,123,js,805bf884,Fong Clement Vo,2025-02-01,18:04:44,-08:00,2025-02-01T18:04:44-08:00,0,2
projects/index.js,1,js,eb4c2683,Fong Clement Vo,2025-01-27,16:09:40,-08:00,2025-01-27T16:09:40-08:00,0,73
projects/index.js,2,js,6c42a965,Fong Clement Vo,2025-01-25,08:37:59,-08:00,2025-01-25T08:37:59-08:00,0,0
projects/index.js,3,js,6c42a965,Fong Clement Vo,2025-01-25,08:37:59,-08:00,2025-01-25T08:37:59-08:00,0,56
projects/index.js,4,js,6c42a965,Fong Clement Vo,2025-01-25,08:37:59,-08:00,2025-01-25T08:37:59-08:00,0,43
projects/index.js,5,js,6c42a965,Fong Clement Vo,2025-01-25,08:37:59,-08:00,2025-01-25T08:37:59-08:00,0,0
projects/index.js,6,js,6c42a965,Fong Clement Vo,2025-01-25,08:37:59,-08:00,2025-01-25T08:37:59-08:00,0,61
projects/index.js,7,js,6c42a965,Fong Clement Vo,2025-01-25,08:37:59,-08:00,2025-01-25T08:37:59-08:00,0,0
projects/index.js,8,js,eb4c2683,Fong Clement Vo,2025-01-27,16:09:40,-08:00,2025-01-27T16:09:40-08:00,0,55
projects/index.js,9,js,eb4c2683,Fong Clement Vo,2025-01-27,16:09:40,-08:00,2025-01-27T16:09:40-08:00,0,0
projects/index.js,10,js,eb4c2683,Fong Clement Vo,2025-01-27,16:09:40,-08:00,2025-01-27T16:09:40-08:00,0,54
projects/index.js,11,js,eb4c2683,Fong Clement Vo,2025-01-27,16:09:40,-08:00,2025-01-27T16:09:40-08:00,0,0
projects/index.js,12,js,eb4c2683,Fong Clement Vo,2025-01-27,16:09:40,-08:00,2025-01-27T16:09:40-08:00,0,61
projects/index.js,13,js,eb4c2683,Fong Clement Vo,2025-01-27,16:09:40,-08:00,2025-01-27T16:09:40-08:00,0,0
projects/index.js,14,js,eb4c2683,Fong Clement Vo,2025-01-27,16:09:40,-08:00,2025-01-27T16:09:40-08:00,0,18
projects/index.js,15,js,eb4c2683,Fong Clement Vo,2025-01-27,16:09:40,-08:00,2025-01-27T16:09:40-08:00,0,25
projects/index.js,16,js,eb4c2683,Fong Clement Vo,2025-01-27,16:09:40,-08:00,2025-01-27T16:09:40-08:00,0,3
projects/index.js,17,js,eb4c2683,Fong Clement Vo,2025-01-27,16:09:40,-08:00,2025-01-27T16:09:40-08:00,0,56
projects/index.js,18,js,eb4c2683,Fong Clement Vo,2025-01-27,16:09:40,-08:00,2025-01-27T16:09:40-08:00,0,56
projects/index.js,19,js,eb4c2683,Fong Clement Vo,2025-01-27,16:09:40,-08:00,2025-01-27T16:09:40-08:00,0,50
projects/index.js,20,js,eb4c2683,Fong Clement Vo,2025-01-27,16:09:40,-08:00,2025-01-27T16:09:40-08:00,0,50
projects/index.js,21,js,eb4c2683,Fong Clement Vo,2025-01-27,16:09:40,-08:00,2025-01-27T16:09:40-08:00,0,4
projects/index.js,22,js,eb4c2683,Fong Clement Vo,2025-01-27,16:09:40,-08:00,2025-01-27T16:09:40-08:00,0,1
projects/index.js,23,js,eb4c2683,Fong Clement Vo,2025-01-27,16:09:40,-08:00,2025-01-27T16:09:40-08:00,0,0
projects/index.html,1,html,5b49b8e3,Fong Clement Vo,2025-01-07,15:33:43,-08:00,2025-01-07T15:33:43-08:00,0,14
projects/index.html,2,html,5b49b8e3,Fong Clement Vo,2025-01-07,15:33:43,-08:00,2025-01-07T15:33:43-08:00,0,15
projects/index.html,3,html,5b49b8e3,Fong Clement Vo,2025-01-07,15:33:43,-08:00,2025-01-07T15:33:43-08:00,0,5
projects/index.html,4,html,5b49b8e3,Fong Clement Vo,2025-01-07,15:33:43,-08:00,2025-01-07T15:33:43-08:00,0,21
projects/index.html,5,html,5b49b8e3,Fong Clement Vo,2025-01-07,15:33:43,-08:00,2025-01-07T15:33:43-08:00,0,69
projects/index.html,6,html,5b49b8e3,Fong Clement Vo,2025-01-07,15:33:43,-08:00,2025-01-07T15:33:43-08:00,0,22
projects/index.html,7,html,c9529a35,Fong Clement Vo,2025-01-10,09:24:09,-08:00,2025-01-10T09:24:09-08:00,0,42
projects/index.html,8,html,1e510cf4,Fong Clement Vo,2025-02-01,14:33:49,-08:00,2025-02-01T14:33:49-08:00,0,6
projects/index.html,9,html,1e510cf4,Fong Clement Vo,2025-02-01,14:33:49,-08:00,2025-02-01T14:33:49-08:00,0,11
projects/index.html,10,html,1e510cf4,Fong Clement Vo,2025-02-01,14:33:49,-08:00,2025-02-01T14:33:49-08:00,0,13
projects/index.html,11,html,1e510cf4,Fong Clement Vo,2025-02-01,14:33:49,-08:00,2025-02-01T14:33:49-08:00,0,19
projects/index.html,12,html,3421da9f,Fong Clement Vo,2025-02-01,14:52:17,-08:00,2025-02-01T14:52:17-08:00,0,9
projects/index.html,13,html,1e510cf4,Fong Clement Vo,2025-02-01,14:33:49,-08:00,2025-02-01T14:33:49-08:00,0,0
projects/index.html,14,html,1e510cf4,Fong Clement Vo,2025-02-01,14:33:49,-08:00,2025-02-01T14:33:49-08:00,0,0
projects/index.html,15,html,1e510cf4,Fong Clement Vo,2025-02-01,14:33:49,-08:00,2025-02-01T14:33:49-08:00,0,8
projects/index.html,16,html,1e510cf4,Fong Clement Vo,2025-02-01,14:33:49,-08:00,2025-02-01T14:33:49-08:00,0,7
projects/index.html,17,html,1e510cf4,Fong Clement Vo,2025-02-01,14:33:49,-08:00,2025-02-01T14:33:49-08:00,0,0
projects/index.html,18,html,3421da9f,Fong Clement Vo,2025-02-01,14:52:17,-08:00,2025-02-01T14:52:17-08:00,0,0
projects/index.html,19,html,3421da9f,Fong Clement Vo,2025-02-01,14:52:17,-08:00,2025-02-01T14:52:17-08:00,0,18
projects/index.html,20,html,3421da9f,Fong Clement Vo,2025-02-01,14:52:17,-08:00,2025-02-01T14:52:17-08:00,0,13
projects/index.html,21,html,3421da9f,Fong Clement Vo,2025-02-01,14:52:17,-08:00,2025-02-01T14:52:17-08:00,0,23
projects/index.html,22,html,3421da9f,Fong Clement Vo,2025-02-01,14:52:17,-08:00,2025-02-01T14:52:17-08:00,0,16
projects/index.html,23,html,3421da9f,Fong Clement Vo,2025-02-01,14:52:17,-08:00,2025-02-01T14:52:17-08:00,0,0
projects/index.html,24,html,3421da9f,Fong Clement Vo,2025-02-01,14:52:17,-08:00,2025-02-01T14:52:17-08:00,0,0
projects/index.html,25,html,3421da9f,Fong Clement Vo,2025-02-01,14:52:17,-08:00,2025-02-01T14:52:17-08:00,0,11
projects/index.html,26,html,3421da9f,Fong Clement Vo,2025-02-01,14:52:17,-08:00,2025-02-01T14:52:17-08:00,0,39
projects/index.html,27,html,3421da9f,Fong Clement Vo,2025-02-01,14:52:17,-08:00,2025-02-01T14:52:17-08:00,0,12
projects/index.html,28,html,3421da9f,Fong Clement Vo,2025-02-01,14:52:17,-08:00,2025-02-01T14:52:17-08:00,0,15
projects/index.html,29,html,3421da9f,Fong Clement Vo,2025-02-01,14:52:17,-08:00,2025-02-01T14:52:17-08:00,0,22
projects/index.html,30,html,3421da9f,Fong Clement Vo,2025-02-01,14:52:17,-08:00,2025-02-01T14:52:17-08:00,0,18
projects/index.html,31,html,3421da9f,Fong Clement Vo,2025-02-01,14:52:17,-08:00,2025-02-01T14:52:17-08:00,0,0
projects/index.html,32,html,3421da9f,Fong Clement Vo,2025-02-01,14:52:17,-08:00,2025-02-01T14:52:17-08:00,0,0
projects/index.html,33,html,3421da9f,Fong Clement Vo,2025-02-01,14:52:17,-08:00,2025-02-01T14:52:17-08:00,0,10
projects/index.html,34,html,3421da9f,Fong Clement Vo,2025-02-01,14:52:17,-08:00,2025-02-01T14:52:17-08:00,0,16
projects/index.html,35,html,3421da9f,Fong Clement Vo,2025-02-01,14:52:17,-08:00,2025-02-01T14:52:17-08:00,0,0
projects/index.html,36,html,1e510cf4,Fong Clement Vo,2025-02-01,14:33:49,-08:00,2025-02-01T14:33:49-08:00,0,7
projects/index.html,37,html,5b49b8e3,Fong Clement Vo,2025-01-07,15:33:43,-08:00,2025-01-07T15:33:43-08:00,0,6
projects/index.html,38,html,5b49b8e3,Fong Clement Vo,2025-01-07,15:33:43,-08:00,2025-01-07T15:33:43-08:00,0,5
projects/index.html,39,html,2c911e49,Fong Clement Vo,2025-01-25,08:30:19,-08:00,2025-01-25T08:30:19-08:00,0,39
projects/index.html,40,html,3421da9f,Fong Clement Vo,2025-02-01,14:52:17,-08:00,2025-02-01T14:52:17-08:00,0,0
projects/index.html,41,html,1e510cf4,Fong Clement Vo,2025-02-01,14:33:49,-08:00,2025-02-01T14:33:49-08:00,0,22
projects/index.html,42,html,1e510cf4,Fong Clement Vo,2025-02-01,14:33:49,-08:00,2025-02-01T14:33:49-08:00,0,36
projects/index.html,43,html,1e510cf4,Fong Clement Vo,2025-02-01,14:33:49,-08:00,2025-02-01T14:33:49-08:00,0,23
projects/index.html,44,html,3421da9f,Fong Clement Vo,2025-02-01,14:52:17,-08:00,2025-02-01T14:52:17-08:00,0,5
projects/index.html,45,html,3421da9f,Fong Clement Vo,2025-02-01,14:52:17,-08:00,2025-02-01T14:52:17-08:00,0,0
projects/index.html,46,html,3421da9f,Fong Clement Vo,2025-02-01,14:52:17,-08:00,2025-02-01T14:52:17-08:00,0,29
projects/index.html,47,html,89681b45,Fong Clement Vo,2025-02-01,14:48:59,-08:00,2025-02-01T14:48:59-08:00,0,5
projects/index.html,48,html,89681b45,Fong Clement Vo,2025-02-01,14:48:59,-08:00,2025-02-01T14:48:59-08:00,0,16
projects/index.html,49,html,89681b45,Fong Clement Vo,2025-02-01,14:48:59,-08:00,2025-02-01T14:48:59-08:00,0,12
projects/index.html,50,html,89681b45,Fong Clement Vo,2025-02-01,14:48:59,-08:00,2025-02-01T14:48:59-08:00,0,27
projects/index.html,51,html,89681b45,Fong Clement Vo,2025-02-01,14:48:59,-08:00,2025-02-01T14:48:59-08:00,0,32
projects/index.html,52,html,89681b45,Fong Clement Vo,2025-02-01,14:48:59,-08:00,2025-02-01T14:48:59-08:00,0,1
projects/index.html,53,html,1e510cf4,Fong Clement Vo,2025-02-01,14:33:49,-08:00,2025-02-01T14:33:49-08:00,0,5
projects/index.html,54,html,3421da9f,Fong Clement Vo,2025-02-01,14:52:17,-08:00,2025-02-01T14:52:17-08:00,0,0
projects/index.html,55,html,df386149,Fong Clement Vo,2025-02-01,09:46:13,-08:00,2025-02-01T09:46:13-08:00,0,27
projects/index.html,56,html,3421da9f,Fong Clement Vo,2025-02-01,14:52:17,-08:00,2025-02-01T14:52:17-08:00,0,0
projects/index.html,57,html,8383e34d,Fong Clement Vo,2025-01-17,15:27:57,-08:00,2025-01-17T15:27:57-08:00,0,49
projects/index.html,58,html,b575c515,Fong Clement Vo,2025-01-25,07:48:28,-08:00,2025-01-25T07:48:28-08:00,0,48
projects/index.html,59,html,5b49b8e3,Fong Clement Vo,2025-01-07,15:33:43,-08:00,2025-01-07T15:33:43-08:00,0,6
projects/index.html,60,html,5b49b8e3,Fong Clement Vo,2025-01-07,15:33:43,-08:00,2025-01-07T15:33:43-08:00,0,6
meta/index.html,1,html,8ca52137,Fong Clement Vo,2025-02-08,20:46:27,-08:00,2025-02-08T20:46:27-08:00,0,14
meta/index.html,2,html,8ca52137,Fong Clement Vo,2025-02-08,20:46:27,-08:00,2025-02-08T20:46:27-08:00,0,15
meta/index.html,3,html,8ca52137,Fong Clement Vo,2025-02-08,20:46:27,-08:00,2025-02-08T20:46:27-08:00,0,5
meta/index.html,4,html,8ca52137,Fong Clement Vo,2025-02-08,20:46:27,-08:00,2025-02-08T20:46:27-08:00,0,21
meta/index.html,5,html,8ca52137,Fong Clement Vo,2025-02-08,20:46:27,-08:00,2025-02-08T20:46:27-08:00,0,69
meta/index.html,6,html,8ca52137,Fong Clement Vo,2025-02-08,20:46:27,-08:00,2025-02-08T20:46:27-08:00,0,18
meta/index.html,7,html,8ca52137,Fong Clement Vo,2025-02-08,20:46:27,-08:00,2025-02-08T20:46:27-08:00,0,42
meta/index.html,8,html,8ca52137,Fong Clement Vo,2025-02-08,20:46:27,-08:00,2025-02-08T20:46:27-08:00,0,6
meta/index.html,9,html,8ca52137,Fong Clement Vo,2025-02-08,20:46:27,-08:00,2025-02-08T20:46:27-08:00,0,5
meta/index.html,10,html,8ca52137,Fong Clement Vo,2025-02-08,20:46:27,-08:00,2025-02-08T20:46:27-08:00,0,12
meta/index.html,11,html,8ca52137,Fong Clement Vo,2025-02-08,20:46:27,-08:00,2025-02-08T20:46:27-08:00,0,62
meta/index.html,12,html,8ca52137,Fong Clement Vo,2025-02-08,20:46:27,-08:00,2025-02-08T20:46:27-08:00,0,49
meta/index.html,13,html,8ca52137,Fong Clement Vo,2025-02-08,20:46:27,-08:00,2025-02-08T20:46:27-08:00,0,6
meta/index.html,14,html,8ca52137,Fong Clement Vo,2025-02-08,20:46:27,-08:00,2025-02-08T20:46:27-08:00,0,6
contact/index.html,1,html,5b49b8e3,Fong Clement Vo,2025-01-07,15:33:43,-08:00,2025-01-07T15:33:43-08:00,0,14
contact/index.html,2,html,5b49b8e3,Fong Clement Vo,2025-01-07,15:33:43,-08:00,2025-01-07T15:33:43-08:00,0,15
contact/index.html,3,html,5b49b8e3,Fong Clement Vo,2025-01-07,15:33:43,-08:00,2025-01-07T15:33:43-08:00,0,5
contact/index.html,4,html,5b49b8e3,Fong Clement Vo,2025-01-07,15:33:43,-08:00,2025-01-07T15:33:43-08:00,0,21
contact/index.html,5,html,5b49b8e3,Fong Clement Vo,2025-01-07,15:33:43,-08:00,2025-01-07T15:33:43-08:00,0,69
contact/index.html,6,html,5b49b8e3,Fong Clement Vo,2025-01-07,15:33:43,-08:00,2025-01-07T15:33:43-08:00,0,21
contact/index.html,7,html,c9529a35,Fong Clement Vo,2025-01-10,09:24:09,-08:00,2025-01-10T09:24:09-08:00,0,42
contact/index.html,8,html,5b49b8e3,Fong Clement Vo,2025-01-07,15:33:43,-08:00,2025-01-07T15:33:43-08:00,0,6
contact/index.html,9,html,5b49b8e3,Fong Clement Vo,2025-01-07,15:33:43,-08:00,2025-01-07T15:33:43-08:00,0,5
contact/index.html,10,html,5b49b8e3,Fong Clement Vo,2025-01-07,15:33:43,-08:00,2025-01-07T15:33:43-08:00,0,15
contact/index.html,11,html,1d164a1d,Fong Clement Vo,2025-01-07,15:38:36,-08:00,2025-01-07T15:38:36-08:00,0,0
contact/index.html,12,html,6f790c9c,Fong Clement Vo,2025-01-19,09:03:54,-08:00,2025-01-19T09:03:54-08:00,0,47
contact/index.html,13,html,1d164a1d,Fong Clement Vo,2025-01-07,15:38:36,-08:00,2025-01-07T15:38:36-08:00,0,24
contact/index.html,14,html,1d164a1d,Fong Clement Vo,2025-01-07,15:38:36,-08:00,2025-01-07T15:38:36-08:00,0,52
contact/index.html,15,html,1d164a1d,Fong Clement Vo,2025-01-07,15:38:36,-08:00,2025-01-07T15:38:36-08:00,0,7
contact/index.html,16,html,1d164a1d,Fong Clement Vo,2025-01-07,15:38:36,-08:00,2025-01-07T15:38:36-08:00,0,3
contact/index.html,17,html,1d164a1d,Fong Clement Vo,2025-01-07,15:38:36,-08:00,2025-01-07T15:38:36-08:00,0,28
contact/index.html,18,html,abae00cc,Fong Clement Vo,2025-01-08,10:11:38,-08:00,2025-01-08T10:11:38-08:00,0,43
contact/index.html,19,html,1d164a1d,Fong Clement Vo,2025-01-07,15:38:36,-08:00,2025-01-07T15:38:36-08:00,0,7
contact/index.html,20,html,1d164a1d,Fong Clement Vo,2025-01-07,15:38:36,-08:00,2025-01-07T15:38:36-08:00,0,3
contact/index.html,21,html,88667913,Fong Clement Vo,2025-01-07,18:57:40,-08:00,2025-01-07T18:57:40-08:00,0,22
contact/index.html,22,html,1d164a1d,Fong Clement Vo,2025-01-07,15:38:36,-08:00,2025-01-07T15:38:36-08:00,0,60
contact/index.html,23,html,1d164a1d,Fong Clement Vo,2025-01-07,15:38:36,-08:00,2025-01-07T15:38:36-08:00,0,7
contact/index.html,24,html,1d164a1d,Fong Clement Vo,2025-01-07,15:38:36,-08:00,2025-01-07T15:38:36-08:00,0,3
contact/index.html,25,html,eea109aa,Fong Clement Vo,2025-01-08,10:04:01,-08:00,2025-01-08T10:04:01-08:00,0,22
contact/index.html,26,html,1d164a1d,Fong Clement Vo,2025-01-07,15:38:36,-08:00,2025-01-07T15:38:36-08:00,0,6
contact/index.html,27,html,8383e34d,Fong Clement Vo,2025-01-17,15:27:57,-08:00,2025-01-17T15:27:57-08:00,0,49
contact/index.html,28,html,5b49b8e3,Fong Clement Vo,2025-01-07,15:33:43,-08:00,2025-01-07T15:33:43-08:00,0,6
contact/index.html,29,html,5b49b8e3,Fong Clement Vo,2025-01-07,15:33:43,-08:00,2025-01-07T15:33:43-08:00,0,6
